year,airport,totDepart,totArriv,pctOnTimeGateDep,pctOnTimeArprtDep,pctOnTimeGateArriv,depDiv,depCanc,arrDiv,arrCanc,avgGateDepDelay,avgArprtDepDelay,avgGateArrDelay,avgAirDelay,avgBlckDelay,avgTaxiOut,avgTaxiOutDelay,avgTaxiInDelay,totCanc,totDiv
2004.0,ABQ,53971,53818,0.803,0.7809,0.7921,71.0,242.0,46.0,235.0,10.38,12.1,10.87,2.46,2.55,9.89,2.43,0.83,477.0,117.0
2005.0,ABQ,51829,51877,0.814,0.7922,0.8001,61.0,221.0,33.0,190.0,9.6,11.2,10.24,2.26,2.34,9.79,2.29,0.89,411.0,94.0
2006.0,ABQ,49682,51199,0.7983,0.7756,0.7746,71.0,392.0,124.0,329.0,10.84,12.33,11.82,2.12,2.66,9.89,2.16,0.84,721.0,195.0
2007.0,ABQ,53255,53611,0.8005,0.7704,0.7647,107.0,366.0,45.0,304.0,11.29,12.95,12.71,2.19,3.06,10.34,2.4,1.29,670.0,152.0
2008.0,ABQ,49589,49512,0.8103,0.7844,0.7875,79.0,333.0,42.0,300.0,10.79,12.32,11.48,1.82,2.79,10.41,2.41,1.03,633.0,121.0
2009.0,ABQ,42550,42704,0.8341,0.8147,0.8224,74.0,192.0,26.0,162.0,9.24,10.45,9.27,1.74,1.98,9.88,1.89,0.92,354.0,100.0
2010.0,ABQ,42302,42169,0.8144,0.7907,0.8047,71.0,222.0,50.0,177.0,10.25,11.58,10.23,1.66,1.9,9.95,2.05,0.95,399.0,121.0
2011.0,ABQ,42283,42297,0.8072,0.7758,0.8022,77.0,345.0,61.0,294.0,10.81,12.57,10.63,1.58,1.87,10.5,2.51,0.84,639.0,138.0
2012.0,ABQ,39105,39107,0.8219,0.794,0.8177,65.0,237.0,60.0,181.0,10.55,12.11,9.73,1.41,1.8,10.27,2.32,0.98,418.0,125.0
2013.0,ABQ,35277,34989,0.771,0.7402,0.7554,62.0,232.0,46.0,212.0,12.56,14.28,12.76,1.6,2.35,10.77,2.64,0.92,444.0,108.0
2014.0,ABQ,33292,33137,0.7451,0.7148,0.732,66.0,315.0,37.0,274.0,14.3,15.99,14.72,1.73,2.4,10.64,2.41,1.02,589.0,103.0
2004.0,ANC,16503,15511,0.7109,0.677,0.6502,73.0,473.0,30.0,532.0,21.45,23.05,22.62,4.03,5.93,12.41,2.92,1.08,1005.0,103.0
2005.0,ANC,72043,67034,0.7394,0.7061,0.6955,74.0,424.0,31.0,484.0,18.36,19.97,19.35,3.65,4.96,12.19,2.78,1.01,908.0,105.0
2006.0,ANC,75708,69995,0.7771,0.7455,0.711,88.0,367.0,50.0,436.0,15.56,17.07,17.71,4.29,5.83,12.84,2.54,0.72,803.0,138.0
2007.0,ANC,78741,73323,0.7838,0.7457,0.7196,93.0,359.0,54.0,423.0,15.69,17.52,18.09,5.13,5.87,13.19,2.29,0.39,782.0,147.0
2008.0,ANC,76606,72479,0.7972,0.7698,0.7573,97.0,268.0,57.0,355.0,13.45,14.72,15.89,5.13,5.93,13.44,1.86,0.63,623.0,154.0
2009.0,ANC,67252,63135,0.8112,0.7952,0.8264,84.0,354.0,80.0,421.0,15.1,15.88,15.95,3.85,4.19,12.49,1.55,0.31,775.0,164.0
2010.0,ANC,73089,68125,0.7992,0.776,0.8045,84.0,149.0,32.0,204.0,17.77,18.83,20.28,3.75,3.91,11.97,1.79,0.37,353.0,116.0
2011.0,ANC,72556,66845,0.8276,0.805,0.8292,87.0,191.0,36.0,265.0,14.56,15.6,13.93,3.92,4.01,11.89,1.66,0.55,456.0,123.0
2012.0,ANC,70322,66453,0.8442,0.8235,0.8521,78.0,216.0,36.0,284.0,10.01,11.0,9.33,3.86,3.75,11.71,1.52,0.34,500.0,114.0
2013.0,ANC,69984,65469,0.8432,0.8228,0.8631,65.0,141.0,40.0,184.0,9.18,10.09,8.46,3.4,3.82,12.03,1.51,0.47,325.0,105.0
2014.0,ANC,71099,66704,0.8288,0.8074,0.86,74.0,111.0,28.0,162.0,11.33,12.34,10.82,4.09,4.57,11.33,1.33,0.54,273.0,102.0
2004.0,ATL,477323,473249,0.7596,0.5757,0.737,737.0,7870.0,772.0,8433.0,13.59,21.36,15.31,5.0,4.69,20.45,8.73,2.79,16303.0,1509.0
2005.0,ATL,484570,480171,0.7413,0.6216,0.7337,790.0,13837.0,1080.0,14480.0,15.5,21.8,17.23,4.24,4.62,18.52,7.26,2.72,28317.0,1870.0
2006.0,ATL,483334,478735,0.715,0.5324,0.7205,913.0,6624.0,787.0,7301.0,16.2,24.85,16.95,3.71,4.72,20.38,9.63,4.13,13925.0,1700.0
2007.0,ATL,491826,486799,0.7167,0.5713,0.7446,920.0,6796.0,1045.0,7790.0,16.77,24.18,16.09,3.88,4.43,19.67,8.28,4.17,14586.0,1965.0
2008.0,ATL,482903,478627,0.7696,0.6071,0.7559,982.0,5830.0,1072.0,6705.0,13.86,21.59,15.71,4.11,5.09,20.6,9.01,4.07,12535.0,2054.0
2009.0,ATL,479957,475882,0.7775,0.59,0.7335,1064.0,5324.0,1116.0,6303.0,13.2,21.48,16.54,3.31,5.7,21.84,9.73,4.75,11627.0,2180.0
2010.0,ATL,469542,465911,0.7961,0.6405,0.7956,971.0,8198.0,945.0,9279.0,12.82,19.9,14.16,2.66,3.67,21.26,8.61,4.32,17477.0,1916.0
2011.0,ATL,454954,453734,0.8008,0.673,0.8068,903.0,6555.0,812.0,7484.0,12.2,18.25,12.56,2.41,3.54,20.33,7.52,4.0,14039.0,1715.0
2012.0,ATL,457501,455968,0.832,0.7401,0.8422,798.0,2259.0,655.0,2782.0,9.84,14.44,10.27,1.62,2.89,18.8,6.03,3.13,5041.0,1453.0
2013.0,ATL,448180,445498,0.7917,0.7025,0.807,870.0,2916.0,655.0,3450.0,12.28,16.98,12.74,2.38,3.64,18.2,5.83,2.6,6366.0,1525.0
2014.0,ATL,428954,428312,0.7899,0.7134,0.8123,781.0,5977.0,655.0,6483.0,11.99,15.93,12.42,2.74,3.21,17.4,4.92,2.77,12460.0,1436.0
2004.0,AUS,14094,14052,0.7845,0.7658,0.7486,53.0,477.0,40.0,436.0,12.05,13.73,13.95,2.85,3.26,11.0,2.33,0.82,913.0,93.0
2005.0,AUS,55790,55678,0.8107,0.7892,0.7641,57.0,435.0,76.0,411.0,10.31,12.04,12.62,2.61,2.74,10.98,2.42,0.99,846.0,133.0
2006.0,AUS,56809,56704,0.7826,0.7579,0.7424,82.0,440.0,51.0,387.0,12.29,13.95,14.35,2.39,3.28,11.33,2.34,1.02,827.0,133.0
2007.0,AUS,62255,62685,0.7789,0.7499,0.7241,116.0,827.0,114.0,773.0,12.84,14.79,15.39,2.41,3.45,12.1,2.74,1.27,1600.0,230.0
2008.0,AUS,60425,60559,0.7986,0.773,0.7473,95.0,732.0,86.0,688.0,11.77,13.51,14.42,2.05,3.06,12.11,2.6,1.02,1420.0,181.0
2009.0,AUS,53686,53651,0.8154,0.7943,0.772,72.0,298.0,69.0,261.0,10.91,12.23,12.73,2.26,2.69,11.67,2.05,1.16,559.0,141.0
2010.0,AUS,54502,54481,0.8068,0.7857,0.7734,74.0,356.0,67.0,307.0,10.98,12.18,12.38,1.88,2.36,11.46,1.91,0.91,663.0,141.0
2011.0,AUS,55584,55526,0.8051,0.7841,0.7738,102.0,425.0,30.0,399.0,11.29,12.56,12.56,1.65,2.42,11.38,1.97,0.97,824.0,132.0
2012.0,AUS,56043,55752,0.8083,0.784,0.7769,80.0,353.0,60.0,323.0,10.98,12.46,12.3,1.69,2.46,11.59,2.25,1.18,676.0,140.0
2013.0,AUS,58240,58316,0.7716,0.7433,0.7261,84.0,390.0,80.0,318.0,13.25,14.85,16.35,1.8,3.04,11.8,2.33,1.19,708.0,164.0
2014.0,AUS,60588,60264,0.7627,0.7382,0.7222,88.0,484.0,97.0,435.0,14.16,15.59,16.2,2.25,2.88,11.76,2.06,1.08,919.0,185.0
2004.0,BDL,52897,52093,0.8222,0.7719,0.768,70.0,426.0,26.0,368.0,10.26,13.1,12.95,2.95,3.48,13.58,3.95,0.89,794.0,96.0
2005.0,BDL,58287,57128,0.8108,0.7668,0.7549,74.0,719.0,32.0,669.0,11.34,13.86,14.02,3.06,3.38,13.03,3.66,1.03,1388.0,106.0
2006.0,BDL,54169,53701,0.794,0.7496,0.7488,78.0,561.0,34.0,486.0,12.09,14.51,14.12,2.9,3.47,13.02,3.32,1.01,1047.0,112.0
2007.0,BDL,52603,52050,0.783,0.7305,0.7226,82.0,757.0,40.0,685.0,13.64,16.59,15.85,3.12,3.7,13.71,3.76,1.19,1442.0,122.0
2008.0,BDL,47467,46956,0.8105,0.7682,0.7525,74.0,587.0,80.0,499.0,12.27,14.74,14.4,3.39,3.46,13.56,3.32,1.08,1086.0,154.0
2009.0,BDL,39994,39698,0.8349,0.7944,0.7933,79.0,347.0,52.0,314.0,10.26,12.33,11.7,2.97,2.93,13.02,2.89,0.86,661.0,131.0
2010.0,BDL,39685,39309,0.8154,0.7707,0.7748,71.0,466.0,35.0,425.0,10.79,12.89,12.62,3.04,3.19,13.07,3.0,0.97,891.0,106.0
2011.0,BDL,42774,42628,0.8042,0.7676,0.7715,54.0,614.0,35.0,554.0,12.24,14.15,13.42,2.9,2.78,12.81,2.67,0.99,1168.0,89.0
2012.0,BDL,39274,39122,0.8166,0.7863,0.7832,48.0,295.0,26.0,257.0,11.2,12.77,12.46,2.34,2.43,12.4,2.33,0.76,552.0,74.0
2013.0,BDL,38505,38508,0.7931,0.7521,0.7493,45.0,364.0,17.0,331.0,12.7,14.8,14.58,2.46,2.97,12.62,2.69,0.9,695.0,62.0
2014.0,BDL,39279,39109,0.7953,0.7605,0.7569,57.0,467.0,32.0,421.0,12.64,14.39,14.79,2.34,2.64,12.76,2.58,0.95,888.0,89.0
2004.0,BHM,9336,9557,0.7822,0.7528,0.7282,71.0,402.0,24.0,332.0,12.41,14.25,14.41,2.45,2.63,10.5,2.77,1.07,734.0,95.0
2005.0,BHM,36146,36973,0.7815,0.7555,0.719,63.0,419.0,25.0,395.0,12.01,13.86,14.95,2.47,2.55,10.64,2.93,0.99,814.0,88.0
2006.0,BHM,33169,33672,0.7537,0.7279,0.6976,53.0,287.0,30.0,257.0,14.13,15.96,16.07,2.54,3.33,11.11,2.66,0.94,544.0,83.0
2007.0,BHM,35612,35925,0.7583,0.7257,0.7055,59.0,459.0,23.0,371.0,14.55,16.69,17.23,2.68,3.28,11.77,2.84,0.81,830.0,82.0
2008.0,BHM,34605,34766,0.7715,0.7406,0.7289,58.0,385.0,42.0,341.0,13.82,15.82,15.37,2.14,3.0,11.94,2.88,0.65,726.0,100.0
2009.0,BHM,29422,29959,0.7785,0.7362,0.7443,61.0,249.0,64.0,209.0,13.02,15.3,14.34,1.82,2.77,12.38,3.21,0.73,458.0,125.0
2010.0,BHM,29563,29907,0.7792,0.7303,0.7449,60.0,315.0,55.0,266.0,12.62,15.07,13.49,1.5,2.28,12.54,3.22,0.75,581.0,115.0
2011.0,BHM,27376,27705,0.7898,0.7573,0.7509,42.0,266.0,55.0,243.0,12.37,13.84,13.38,1.59,2.32,11.8,2.34,0.62,509.0,97.0
2012.0,BHM,26436,26597,0.8107,0.7832,0.7638,31.0,147.0,18.0,143.0,11.45,12.89,13.18,1.28,1.93,11.86,2.21,0.71,290.0,49.0
2013.0,BHM,24460,24402,0.7691,0.7327,0.7165,50.0,203.0,52.0,186.0,13.62,15.48,15.4,1.55,2.85,12.45,2.6,1.03,389.0,102.0
2014.0,BHM,23725,23682,0.7421,0.7183,0.7016,46.0,336.0,30.0,311.0,15.58,16.75,16.7,1.74,2.93,12.19,2.05,0.93,647.0,76.0
2004.0,BNA,84167,84551,0.7849,0.7597,0.7638,163.0,752.0,49.0,723.0,11.37,13.34,12.8,3.52,2.83,10.63,2.5,0.75,1475.0,212.0
2005.0,BNA,83922,84108,0.7837,0.7614,0.7655,138.0,706.0,84.0,642.0,11.61,13.43,12.79,3.48,2.57,10.9,2.51,0.89,1348.0,222.0
2006.0,BNA,80868,80903,0.7649,0.7339,0.7472,187.0,739.0,87.0,712.0,13.18,15.21,14.26,3.35,2.82,11.6,2.74,1.0,1451.0,274.0
2007.0,BNA,81020,81183,0.7513,0.7282,0.7265,163.0,973.0,82.0,931.0,14.56,16.08,15.83,3.26,3.11,11.51,2.37,1.31,1904.0,245.0
2008.0,BNA,75174,75172,0.7713,0.7424,0.7518,169.0,791.0,58.0,743.0,13.75,15.57,14.53,2.88,2.95,11.66,2.56,1.1,1534.0,227.0
2009.0,BNA,69219,69209,0.7961,0.7722,0.7871,132.0,573.0,78.0,496.0,12.05,13.35,12.04,2.61,2.72,11.37,2.18,1.03,1069.0,210.0
2010.0,BNA,69024,69292,0.7733,0.736,0.783,137.0,886.0,98.0,830.0,12.74,14.54,11.87,2.3,2.52,11.8,2.64,1.09,1716.0,235.0
2011.0,BNA,69429,69281,0.7883,0.7602,0.7869,140.0,795.0,79.0,772.0,12.51,14.06,12.22,1.94,2.48,11.51,2.43,0.86,1567.0,219.0
2012.0,BNA,69369,69234,0.8155,0.791,0.805,100.0,579.0,89.0,527.0,11.02,12.32,11.09,1.68,2.13,11.28,2.24,0.97,1106.0,189.0
2013.0,BNA,71623,71103,0.7639,0.7292,0.7599,157.0,870.0,71.0,775.0,13.91,15.84,13.85,1.61,2.76,12.07,2.96,1.19,1645.0,228.0
2014.0,BNA,70497,70414,0.7404,0.7064,0.7364,152.0,1266.0,60.0,1222.0,15.44,17.31,15.4,1.85,3.01,12.15,2.71,1.21,2488.0,212.0
2004.0,BOS,188413,184869,0.8095,0.7234,0.7755,269.0,3332.0,127.0,3343.0,11.35,16.15,12.95,3.96,4.45,18.2,6.25,1.91,6675.0,396.0
2005.0,BOS,190420,185755,0.7728,0.6902,0.7267,266.0,4199.0,185.0,4155.0,14.0,18.53,16.65,4.48,5.19,18.04,5.91,2.25,8354.0,451.0
2006.0,BOS,187003,182418,0.7739,0.694,0.7175,377.0,3359.0,142.0,3302.0,14.18,18.61,17.55,4.43,5.14,18.25,5.9,1.82,6661.0,519.0
2007.0,BOS,183078,179565,0.7553,0.6567,0.7024,268.0,4379.0,192.0,4257.0,15.82,21.48,18.48,4.55,5.01,19.3,6.8,2.23,8636.0,460.0
2008.0,BOS,170491,166566,0.7897,0.7075,0.7311,354.0,3655.0,183.0,3601.0,14.03,18.72,17.44,4.79,4.79,18.91,5.84,1.75,7256.0,537.0
2009.0,BOS,162271,160775,0.8209,0.7492,0.7649,284.0,2891.0,126.0,2838.0,11.52,15.59,14.92,4.22,4.22,18.32,5.39,1.64,5729.0,410.0
2010.0,BOS,164933,162520,0.8095,0.727,0.7612,275.0,3071.0,137.0,3035.0,11.7,15.99,14.6,4.32,4.24,18.39,5.47,1.49,6106.0,412.0
2011.0,BOS,168358,164961,0.7878,0.7065,0.7378,320.0,3621.0,113.0,3633.0,13.38,17.57,16.17,4.26,4.24,18.15,5.2,2.02,7254.0,433.0
2012.0,BOS,161639,158227,0.8204,0.7563,0.795,215.0,1498.0,79.0,1523.0,11.56,14.82,11.98,3.53,3.0,17.15,4.23,1.86,3021.0,294.0
2013.0,BOS,167549,164108,0.7987,0.7174,0.7682,275.0,1640.0,148.0,1633.0,12.81,17.08,13.77,3.2,3.46,18.19,5.29,1.87,3273.0,423.0
2014.0,BOS,170013,165166,0.8067,0.7295,0.7696,349.0,2316.0,121.0,2330.0,11.73,15.68,13.8,3.23,3.23,18.19,5.0,1.62,4646.0,470.0
2004.0,BUF,12215,12188,0.7764,0.7403,0.7173,40.0,514.0,46.0,435.0,12.94,15.0,15.89,2.29,2.85,12.41,3.16,0.85,949.0,86.0
2005.0,BUF,46558,46582,0.7535,0.716,0.7104,41.0,456.0,35.0,416.0,14.94,17.14,16.67,2.08,3.14,12.46,3.32,1.21,872.0,76.0
2006.0,BUF,45322,45345,0.7477,0.712,0.7095,87.0,559.0,37.0,489.0,15.26,17.51,16.63,2.46,3.59,12.62,3.17,1.16,1048.0,124.0
2007.0,BUF,44568,44509,0.729,0.6837,0.6785,54.0,689.0,46.0,622.0,17.39,20.01,19.13,3.41,4.07,13.03,3.25,0.83,1311.0,100.0
2008.0,BUF,43245,42984,0.7606,0.7239,0.7287,60.0,611.0,37.0,539.0,16.06,18.18,16.65,3.56,3.82,12.88,3.02,0.93,1150.0,97.0
2009.0,BUF,40467,40256,0.7901,0.7502,0.761,38.0,344.0,45.0,301.0,13.9,16.17,13.92,3.33,3.07,12.88,3.02,1.0,645.0,83.0
2010.0,BUF,39546,39398,0.7826,0.7362,0.7534,46.0,483.0,33.0,421.0,13.93,16.25,14.56,3.08,2.83,12.95,3.1,1.03,904.0,79.0
2011.0,BUF,39067,38890,0.7663,0.7338,0.7574,45.0,387.0,27.0,362.0,15.14,16.74,14.96,2.66,2.76,12.08,2.38,0.78,749.0,72.0
2012.0,BUF,38909,38714,0.7857,0.7638,0.7744,35.0,330.0,36.0,298.0,13.48,14.63,13.34,2.37,2.28,11.54,1.88,0.9,628.0,71.0
2013.0,BUF,38706,38393,0.7736,0.7248,0.7437,27.0,422.0,21.0,356.0,14.56,16.95,15.31,2.33,2.76,12.71,3.22,1.15,778.0,48.0
2014.0,BUF,34314,34112,0.7584,0.7237,0.7376,46.0,612.0,27.0,562.0,15.53,17.26,15.96,2.33,2.5,12.17,2.42,0.7,1174.0,73.0
2004.0,BUR,38148,37293,0.7792,0.7637,0.7703,98.0,263.0,23.0,260.0,11.33,12.78,11.73,2.55,2.33,10.28,2.12,0.58,523.0,121.0
2005.0,BUR,40769,40424,0.7733,0.7435,0.747,110.0,285.0,19.0,235.0,11.33,13.47,12.56,2.66,2.89,10.93,2.73,0.89,520.0,129.0
2006.0,BUR,42697,42915,0.7762,0.7414,0.7631,217.0,427.0,69.0,400.0,11.4,13.5,11.79,2.57,2.63,11.56,2.74,0.58,827.0,286.0
2007.0,BUR,43833,43406,0.7804,0.7448,0.7707,288.0,517.0,34.0,477.0,11.79,13.86,11.99,2.8,2.52,11.89,2.74,0.69,994.0,322.0
2008.0,BUR,40341,40135,0.7948,0.772,0.7942,141.0,535.0,56.0,507.0,10.78,12.24,10.9,2.29,2.16,11.6,2.24,0.71,1042.0,197.0
2009.0,BUR,34863,34744,0.8419,0.8302,0.8305,115.0,412.0,47.0,390.0,8.3,9.19,8.61,2.4,1.73,10.9,1.72,0.57,802.0,162.0
2010.0,BUR,34610,34039,0.8092,0.7926,0.8027,124.0,465.0,46.0,444.0,9.99,11.16,9.96,2.02,1.74,10.76,1.89,0.66,909.0,170.0
2011.0,BUR,32875,32495,0.8194,0.7992,0.7949,76.0,493.0,66.0,426.0,9.6,10.81,10.38,2.07,2.06,10.95,2.07,0.59,919.0,142.0
2012.0,BUR,32152,31902,0.8369,0.8173,0.8249,33.0,488.0,40.0,456.0,8.88,10.16,8.8,1.81,1.56,10.94,2.09,0.59,944.0,73.0
2013.0,BUR,31469,31215,0.8072,0.7889,0.8009,30.0,399.0,8.0,386.0,10.2,11.44,10.14,1.73,1.62,10.77,1.87,0.51,785.0,38.0
2014.0,BUR,30148,29885,0.7821,0.7613,0.7657,36.0,427.0,39.0,403.0,11.3,12.58,12.19,2.05,1.84,10.86,1.95,0.52,830.0,75.0
2004.0,BWI,131690,131476,0.781,0.7491,0.7853,162.0,1186.0,176.0,1093.0,11.53,14.07,12.14,4.65,2.99,12.09,3.14,1.06,2279.0,338.0
2005.0,BWI,132011,131803,0.7682,0.7354,0.7787,153.0,1407.0,150.0,1313.0,12.58,15.28,12.66,4.33,2.76,12.05,3.39,1.11,2720.0,303.0
2006.0,BWI,131521,131308,0.7608,0.7255,0.7703,165.0,1127.0,172.0,1057.0,13.35,15.8,13.13,4.14,2.69,11.98,3.17,0.92,2184.0,337.0
2007.0,BWI,130735,130812,0.748,0.702,0.7493,154.0,1759.0,162.0,1614.0,14.67,17.67,14.58,3.83,3.21,12.5,3.59,1.41,3373.0,316.0
2008.0,BWI,123340,123587,0.7833,0.7467,0.7824,206.0,1002.0,128.0,964.0,13.24,15.53,13.23,3.37,2.88,12.0,2.97,1.22,1966.0,334.0
2009.0,BWI,121056,120992,0.7886,0.7335,0.8134,206.0,1042.0,172.0,970.0,12.09,15.24,10.74,3.06,2.69,12.82,3.82,1.43,2012.0,378.0
2010.0,BWI,124683,124272,0.7613,0.7112,0.7952,203.0,2282.0,229.0,2180.0,13.1,15.8,11.51,3.1,2.83,12.52,3.39,1.66,4462.0,432.0
2011.0,BWI,127281,126806,0.773,0.7239,0.8038,177.0,1567.0,310.0,1418.0,13.55,16.31,11.92,2.75,2.77,12.53,3.35,1.54,2985.0,487.0
2012.0,BWI,124035,123690,0.7756,0.7216,0.8055,151.0,1511.0,296.0,1400.0,13.02,15.78,11.56,2.55,2.83,12.65,3.46,1.69,2911.0,447.0
2013.0,BWI,118012,117135,0.7305,0.6674,0.7756,145.0,954.0,208.0,878.0,15.23,18.53,12.83,2.28,2.84,13.1,3.92,2.05,1832.0,353.0
2014.0,BWI,110589,110243,0.7159,0.6517,0.7672,213.0,1588.0,181.0,1549.0,16.1,19.4,13.73,3.27,2.75,13.34,3.97,1.74,3137.0,394.0
2004.0,CLE,122511,121774,0.8433,0.7643,0.7949,173.0,1438.0,131.0,1498.0,9.31,13.63,11.9,3.76,4.56,17.06,6.18,1.59,2936.0,304.0
2005.0,CLE,122375,121467,0.8304,0.7623,0.7798,158.0,1207.0,152.0,1216.0,10.15,13.91,12.72,3.36,4.38,16.84,5.44,1.91,2423.0,310.0
2006.0,CLE,117753,116801,0.8323,0.7866,0.7861,182.0,1116.0,164.0,1114.0,10.34,13.05,12.86,3.12,3.95,15.81,4.09,1.14,2230.0,346.0
2007.0,CLE,114795,114523,0.7907,0.7195,0.7518,182.0,1427.0,125.0,1422.0,12.89,16.64,14.93,3.7,4.41,16.07,4.76,1.8,2849.0,307.0
2008.0,CLE,111315,111455,0.8072,0.7576,0.7842,178.0,1359.0,156.0,1306.0,12.53,15.18,13.47,3.48,3.46,14.71,3.53,1.19,2665.0,334.0
2009.0,CLE,95317,95461,0.8599,0.8295,0.8456,131.0,628.0,90.0,578.0,8.97,10.66,9.39,3.04,2.42,13.06,2.52,0.87,1206.0,221.0
2010.0,CLE,91769,91615,0.8416,0.7968,0.8151,117.0,801.0,55.0,809.0,9.88,12.09,11.06,2.98,3.2,12.98,2.98,1.25,1610.0,172.0
2011.0,CLE,89033,89039,0.8135,0.778,0.7923,116.0,1022.0,69.0,1010.0,12.06,14.0,12.89,3.05,3.17,12.54,2.74,1.21,2032.0,185.0
2012.0,CLE,85359,85279,0.8093,0.7809,0.8019,98.0,654.0,57.0,666.0,12.41,13.93,12.49,2.72,2.19,12.24,2.3,1.18,1320.0,155.0
2013.0,CLE,85240,84805,0.7837,0.7384,0.7667,117.0,759.0,54.0,762.0,14.34,16.64,15.02,2.7,2.65,12.94,3.04,1.19,1521.0,171.0
2014.0,CLE,60369,60247,0.7761,0.7203,0.7512,124.0,1282.0,74.0,1280.0,15.1,17.84,16.3,2.47,2.78,13.37,3.36,1.14,2562.0,198.0
2004.0,CLT,211833,210977,0.7748,0.7225,0.8178,178.0,1519.0,132.0,1593.0,11.85,14.4,9.67,5.66,2.82,15.08,3.6,0.7,3112.0,310.0
2005.0,CLT,241565,240918,0.7481,0.6569,0.7899,196.0,1715.0,165.0,1881.0,13.3,17.36,11.4,5.95,3.28,15.87,5.08,1.78,3596.0,361.0
2006.0,CLT,234974,234521,0.7799,0.6602,0.7785,283.0,1569.0,204.0,1742.0,12.07,17.31,12.22,5.89,4.06,17.3,6.28,2.15,3311.0,487.0
2007.0,CLT,241960,241616,0.7296,0.5971,0.7395,288.0,2170.0,131.0,2406.0,14.59,20.42,14.04,4.93,4.46,17.95,6.61,2.54,4576.0,419.0
2008.0,CLT,248162,248224,0.7861,0.6276,0.7835,277.0,1986.0,254.0,2227.0,12.19,19.12,11.93,3.86,4.15,18.92,7.78,1.93,4213.0,531.0
2009.0,CLT,238676,238622,0.8175,0.68,0.8058,254.0,1149.0,165.0,1331.0,10.31,16.31,10.53,2.98,3.8,18.47,7.03,1.55,2480.0,419.0
2010.0,CLT,248474,248301,0.8324,0.739,0.8324,217.0,1616.0,175.0,1790.0,9.88,14.38,9.66,2.64,3.17,17.16,5.44,2.66,3406.0,392.0
2011.0,CLT,254209,253986,0.7902,0.6927,0.7926,242.0,2230.0,290.0,2505.0,12.33,16.84,11.82,2.39,3.58,17.85,5.52,3.44,4735.0,532.0
2012.0,CLT,260789,260134,0.8348,0.7641,0.8453,194.0,1097.0,174.0,1342.0,9.39,12.73,8.71,2.58,2.68,16.9,4.44,2.99,2439.0,368.0
2013.0,CLT,263287,262066,0.805,0.7169,0.8076,260.0,1701.0,159.0,1968.0,11.37,15.41,11.02,3.36,3.6,17.79,5.18,2.86,3669.0,419.0
2014.0,CLT,257713,257585,0.7841,0.7102,0.8166,163.0,1925.0,214.0,2145.0,12.23,15.69,10.55,3.09,2.93,16.75,4.19,3.11,4070.0,377.0
2004.0,CVG,252037,251102,0.8091,0.7481,0.8077,319.0,5656.0,320.0,7136.0,10.71,14.13,10.98,5.43,3.13,15.74,3.98,0.71,12792.0,639.0
2005.0,CVG,242191,241472,0.8382,0.7663,0.8276,350.0,4606.0,256.0,5803.0,8.84,12.78,9.86,4.54,2.8,15.77,4.64,1.52,10409.0,606.0
2006.0,CVG,168752,168780,0.844,0.7892,0.8319,296.0,1816.0,236.0,2359.0,8.55,11.45,9.77,4.32,2.88,14.61,3.65,1.09,4175.0,532.0
2007.0,CVG,159430,159414,0.7968,0.7165,0.7908,249.0,2415.0,153.0,2908.0,11.75,16.04,12.69,3.94,3.31,15.69,4.9,1.41,5323.0,402.0
2008.0,CVG,138516,138424,0.8117,0.7372,0.8107,205.0,1853.0,158.0,2144.0,11.15,15.23,11.79,3.71,3.06,16.36,4.72,1.43,3997.0,363.0
2009.0,CVG,107128,107179,0.8287,0.7778,0.8433,171.0,1056.0,99.0,1249.0,10.01,13.02,9.51,3.45,2.4,15.68,3.66,1.92,2305.0,270.0
2010.0,CVG,83433,83424,0.8015,0.7496,0.8054,127.0,943.0,103.0,1111.0,11.85,14.74,11.65,2.36,2.76,15.57,3.57,2.48,2054.0,230.0
2011.0,CVG,75511,75374,0.8014,0.7752,0.8142,62.0,667.0,60.0,623.0,12.39,13.75,10.95,1.55,2.12,13.84,1.93,1.37,1290.0,122.0
2012.0,CVG,66723,66503,0.8139,0.7951,0.8321,70.0,495.0,39.0,456.0,11.65,12.68,10.05,1.51,1.76,13.34,1.71,1.02,951.0,109.0
2013.0,CVG,63176,63114,0.7831,0.7423,0.804,76.0,965.0,42.0,921.0,13.96,16.31,12.61,1.89,2.54,14.7,3.3,0.77,1886.0,118.0
2014.0,CVG,61186,61428,0.7589,0.7332,0.7822,47.0,670.0,35.0,592.0,14.96,16.33,13.26,1.59,2.7,13.28,2.08,1.41,1262.0,82.0
2004.0,DAL,58591,57844,0.705,0.6938,0.7463,64.0,1186.0,83.0,1272.0,13.87,15.42,13.12,4.72,2.32,8.15,1.86,0.65,2458.0,147.0
2005.0,DAL,53226,53340,0.7268,0.7118,0.7686,55.0,969.0,64.0,1012.0,12.73,14.46,11.96,4.89,2.14,8.57,1.95,0.75,1981.0,119.0
2006.0,DAL,60231,60432,0.7372,0.7152,0.7612,60.0,968.0,74.0,1023.0,13.3,15.09,12.87,4.44,2.1,9.27,2.12,0.76,1991.0,134.0
2007.0,DAL,65714,65822,0.705,0.6708,0.7264,90.0,1029.0,201.0,1129.0,16.04,18.22,15.36,4.7,2.75,9.89,2.52,0.88,2158.0,291.0
2008.0,DAL,63362,63315,0.7219,0.6868,0.7486,113.0,975.0,139.0,1064.0,14.79,16.9,13.96,3.61,2.35,9.73,2.33,0.86,2039.0,252.0
2009.0,DAL,55238,55165,0.7464,0.7203,0.7948,129.0,663.0,107.0,737.0,13.49,15.15,11.08,3.65,1.75,9.47,2.09,0.65,1400.0,236.0
2010.0,DAL,53342,53200,0.6971,0.67,0.7557,116.0,729.0,124.0,790.0,15.57,17.22,13.04,3.45,1.75,9.61,2.21,0.91,1519.0,240.0
2011.0,DAL,54947,54757,0.7169,0.6965,0.7637,77.0,911.0,156.0,906.0,14.78,15.98,13.33,2.74,1.8,9.28,1.78,0.94,1817.0,233.0
2012.0,DAL,55964,55754,0.7543,0.7373,0.7899,74.0,588.0,84.0,595.0,12.62,13.71,11.5,2.56,1.71,9.21,1.77,0.88,1183.0,158.0
2013.0,DAL,57314,56767,0.6899,0.6547,0.7289,88.0,475.0,95.0,544.0,14.96,16.83,14.26,2.31,2.34,10.1,2.51,1.6,1019.0,183.0
2014.0,DAL,59618,59515,0.6465,0.611,0.7078,79.0,654.0,115.0,733.0,18.04,20.04,16.19,2.52,2.47,10.31,2.28,1.36,1387.0,194.0
2004.0,DAY,41845,41844,0.7263,0.6853,0.7494,35.0,418.0,29.0,385.0,14.95,17.18,14.27,1.61,2.59,13.53,3.79,0.58,803.0,64.0
2005.0,DAY,39119,38814,0.7608,0.7145,0.7529,31.0,378.0,22.0,354.0,13.27,15.58,14.24,1.52,2.64,12.83,3.66,0.96,732.0,53.0
2006.0,DAY,31367,31203,0.7851,0.7528,0.751,27.0,238.0,9.0,247.0,12.91,14.58,14.39,1.61,2.81,12.61,2.72,0.56,485.0,36.0
2007.0,DAY,29440,29659,0.794,0.7589,0.7326,50.0,446.0,20.0,403.0,13.17,14.97,16.03,2.23,3.02,12.55,2.81,1.03,849.0,70.0
2008.0,DAY,28610,28723,0.8115,0.7562,0.7574,42.0,362.0,26.0,345.0,12.64,15.41,14.42,2.52,3.08,13.06,3.66,0.99,707.0,68.0
2009.0,DAY,25257,25284,0.8304,0.7793,0.7846,50.0,240.0,27.0,206.0,11.02,13.47,12.49,1.95,2.8,12.81,3.16,0.97,446.0,77.0
2010.0,DAY,24635,24681,0.8428,0.7836,0.7888,22.0,288.0,26.0,260.0,10.34,13.12,12.57,1.66,2.92,13.47,3.56,0.66,548.0,48.0
2011.0,DAY,23861,23868,0.8266,0.7919,0.7664,29.0,385.0,30.0,360.0,11.48,13.27,14.13,1.49,3.05,12.96,2.57,0.76,745.0,59.0
2012.0,DAY,23185,23150,0.8314,0.8033,0.776,28.0,262.0,18.0,240.0,10.95,12.36,12.97,1.41,2.44,12.61,2.22,1.04,502.0,46.0
2013.0,DAY,22095,22366,0.7947,0.7419,0.7479,20.0,333.0,10.0,305.0,13.32,15.85,15.1,1.37,2.86,13.46,3.27,1.07,638.0,30.0
2014.0,DAY,20533,20524,0.7732,0.7349,0.7199,27.0,428.0,13.0,404.0,14.44,16.44,16.72,1.69,3.1,12.77,2.5,0.84,832.0,40.0
2004.0,DCA,134223,134342,0.8238,0.7812,0.8254,164.0,2349.0,190.0,2159.0,10.11,12.8,10.02,4.07,3.09,14.0,3.97,1.06,4508.0,354.0
2005.0,DCA,138576,138447,0.8128,0.7483,0.812,191.0,2855.0,262.0,2743.0,11.48,15.24,11.12,4.32,3.43,14.62,5.13,1.74,5598.0,453.0
2006.0,DCA,137261,137325,0.8014,0.7245,0.7912,182.0,2495.0,298.0,2411.0,11.95,16.15,12.32,3.73,3.86,15.49,5.4,1.53,4906.0,480.0
2007.0,DCA,135433,135603,0.7665,0.6801,0.7575,212.0,3282.0,212.0,3119.0,14.71,19.45,14.57,2.87,4.05,16.21,5.75,1.76,6401.0,424.0
2008.0,DCA,135908,136051,0.8213,0.7474,0.8126,191.0,2735.0,136.0,2623.0,11.67,15.69,11.25,4.22,3.12,15.81,4.98,1.29,5358.0,327.0
2009.0,DCA,133298,133540,0.8398,0.7676,0.8315,159.0,1941.0,237.0,1817.0,10.56,14.43,10.12,3.6,2.96,15.83,4.95,1.23,3758.0,396.0
2010.0,DCA,133228,133440,0.8385,0.7749,0.8347,155.0,3253.0,168.0,3132.0,10.64,13.92,10.09,3.67,2.84,15.67,4.36,1.44,6385.0,323.0
2011.0,DCA,138494,138864,0.7982,0.7353,0.8045,151.0,2496.0,285.0,2367.0,13.12,16.51,12.11,4.13,3.09,16.11,4.3,1.28,4863.0,436.0
2012.0,DCA,140272,140686,0.8058,0.7397,0.8295,125.0,1766.0,189.0,1690.0,12.2,15.28,10.64,3.45,2.55,15.67,3.86,1.07,3456.0,314.0
2013.0,DCA,142830,142923,0.7975,0.7158,0.8199,148.0,1711.0,169.0,1621.0,13.01,17.0,11.38,3.39,2.63,16.51,4.67,1.19,3332.0,317.0
2014.0,DCA,139074,139259,0.7807,0.6936,0.8132,130.0,2269.0,175.0,2167.0,13.55,17.56,11.39,3.35,2.63,16.59,4.58,1.45,4436.0,305.0
2004.0,DEN,278131,273449,0.8134,0.7687,0.8259,254.0,1379.0,232.0,1503.0,10.26,12.59,9.74,3.73,3.43,13.91,3.26,1.33,2882.0,486.0
2005.0,DEN,279946,275578,0.804,0.7617,0.8216,338.0,1975.0,262.0,2152.0,11.25,13.7,10.27,3.93,3.29,13.91,3.29,1.98,4127.0,600.0
2006.0,DEN,297895,294284,0.784,0.732,0.7907,425.0,4413.0,278.0,4621.0,12.8,15.81,12.04,3.64,4.07,14.51,3.92,2.15,9034.0,703.0
2007.0,DEN,306308,305681,0.7614,0.6819,0.7544,456.0,3805.0,282.0,4134.0,14.11,18.54,14.34,4.48,4.64,15.94,5.46,2.44,7939.0,738.0
2008.0,DEN,309021,308882,0.7753,0.7023,0.7658,527.0,2725.0,384.0,2984.0,12.84,16.56,13.29,4.79,4.3,15.65,4.6,2.22,5709.0,911.0
2009.0,DEN,302078,301936,0.7815,0.7174,0.7976,522.0,2779.0,564.0,2978.0,12.54,16.1,11.54,4.87,3.91,15.54,4.43,2.05,5757.0,1086.0
2010.0,DEN,313514,313279,0.7968,0.7447,0.8219,572.0,2457.0,686.0,2730.0,11.42,14.14,10.58,4.23,2.99,14.34,3.47,2.06,5187.0,1258.0
2011.0,DEN,313976,313459,0.7833,0.7313,0.8149,539.0,2921.0,648.0,3104.0,12.48,15.43,10.84,3.73,3.07,14.01,3.71,2.02,6025.0,1187.0
2012.0,DEN,304100,304910,0.7748,0.7232,0.8112,495.0,2000.0,314.0,2228.0,12.86,15.48,10.88,2.9,2.68,13.55,3.32,2.06,4228.0,809.0
2013.0,DEN,287348,288563,0.72,0.6542,0.7532,461.0,2694.0,727.0,2898.0,16.43,20.01,14.92,2.3,3.87,14.76,4.34,2.45,5592.0,1188.0
2014.0,DEN,281772,282305,0.7168,0.6482,0.7582,496.0,3140.0,772.0,3475.0,16.64,20.28,15.16,2.86,3.84,15.0,4.36,1.98,6615.0,1268.0
2004.0,DFW,396314,394112,0.8051,0.7152,0.818,589.0,5535.0,1154.0,6147.0,11.21,16.46,11.37,2.42,4.34,18.02,6.61,4.63,11682.0,1743.0
2005.0,DFW,350842,349641,0.7909,0.7238,0.8128,582.0,4140.0,889.0,4541.0,11.63,15.75,11.23,2.49,3.98,17.01,5.27,5.03,8681.0,1471.0
2006.0,DFW,343597,342755,0.7606,0.6959,0.7891,551.0,5502.0,1085.0,5839.0,13.47,17.5,12.71,2.02,3.84,16.77,5.2,4.1,11341.0,1636.0
2007.0,DFW,337258,336365,0.7186,0.6556,0.7341,600.0,9372.0,1948.0,9767.0,17.25,21.59,17.23,2.57,4.98,16.84,5.18,4.44,19139.0,2548.0
2008.0,DFW,322443,321755,0.7479,0.693,0.7702,635.0,7272.0,1250.0,7716.0,14.25,17.77,14.05,2.49,4.32,15.86,4.4,4.33,14988.0,1885.0
2009.0,DFW,314983,314726,0.7542,0.7045,0.7958,651.0,5101.0,1299.0,5435.0,14.64,17.79,13.06,2.72,3.73,15.43,4.04,3.68,10536.0,1950.0
2010.0,DFW,321172,320558,0.7897,0.7456,0.8251,719.0,4507.0,1234.0,4799.0,12.31,15.04,10.95,2.17,2.91,14.82,3.61,3.67,9306.0,1953.0
2011.0,DFW,318711,317906,0.7924,0.7541,0.8304,764.0,6114.0,1122.0,6403.0,12.2,14.56,11.05,1.9,2.86,14.35,3.26,3.32,12517.0,1886.0
2012.0,DFW,319889,319208,0.7913,0.7512,0.8234,663.0,4980.0,1125.0,5291.0,12.3,14.7,11.6,2.0,2.97,14.46,3.38,3.64,10271.0,1788.0
2013.0,DFW,333290,331439,0.7457,0.6982,0.7884,707.0,7150.0,1170.0,7467.0,15.05,17.85,13.99,2.21,3.55,14.67,3.57,4.21,14617.0,1877.0
2014.0,DFW,334660,334397,0.7504,0.699,0.766,741.0,6830.0,1164.0,7324.0,14.82,17.94,15.98,2.62,4.44,15.01,3.96,4.95,14154.0,1905.0
2004.0,DTW,252361,250939,0.8091,0.7363,0.8271,252.0,2171.0,190.0,2315.0,10.76,14.41,9.78,4.83,3.54,17.39,5.0,2.06,4486.0,442.0
2005.0,DTW,253845,252143,0.7487,0.6651,0.7947,318.0,2513.0,260.0,2628.0,14.04,18.32,12.24,4.72,3.28,17.9,5.39,2.36,5141.0,578.0
2006.0,DTW,232361,231634,0.7755,0.6902,0.789,265.0,1934.0,163.0,2067.0,12.29,16.43,12.27,5.16,3.94,17.89,5.2,2.29,4001.0,428.0
2007.0,DTW,228892,226666,0.7778,0.6483,0.7485,355.0,4103.0,307.0,4484.0,12.88,19.11,15.31,4.88,5.0,20.08,7.04,3.73,8587.0,662.0
2008.0,DTW,226840,225224,0.7995,0.7105,0.8029,402.0,2583.0,206.0,2995.0,11.99,16.63,12.53,4.27,3.51,19.78,5.65,2.88,5578.0,608.0
2009.0,DTW,211239,210518,0.8311,0.7286,0.8224,424.0,1512.0,207.0,1954.0,9.85,14.68,10.62,4.24,3.27,20.08,6.06,2.55,3466.0,631.0
2010.0,DTW,221903,220623,0.7825,0.6769,0.788,397.0,3149.0,297.0,3669.0,12.93,17.98,12.77,4.72,3.48,20.03,6.09,2.89,6818.0,694.0
2011.0,DTW,216449,216041,0.792,0.7427,0.8157,178.0,1485.0,170.0,1643.0,12.56,14.95,11.07,4.74,2.15,17.55,3.25,0.92,3128.0,348.0
2012.0,DTW,208723,208264,0.8052,0.7585,0.843,168.0,838.0,151.0,892.0,12.2,14.47,9.8,3.96,1.74,17.33,3.16,0.85,1730.0,319.0
2013.0,DTW,207053,206364,0.819,0.7171,0.824,365.0,2279.0,273.0,2580.0,11.94,16.78,11.85,4.23,2.61,19.89,6.08,1.32,4859.0,638.0
2014.0,DTW,192007,192080,0.8045,0.7477,0.8217,211.0,1866.0,190.0,1868.0,12.54,15.45,11.64,4.12,2.27,17.47,3.72,0.89,3734.0,401.0
2004.0,EWR,212226,209575,0.7921,0.5698,0.7147,295.0,3883.0,418.0,3981.0,12.87,23.59,18.54,5.93,6.04,25.93,12.73,2.21,7864.0,713.0
2005.0,EWR,211790,209551,0.7421,0.5255,0.6528,317.0,4622.0,472.0,4696.0,16.02,26.62,23.18,6.22,7.52,25.96,12.31,2.63,9318.0,789.0
2006.0,EWR,214805,213118,0.7189,0.4525,0.6383,346.0,4557.0,756.0,4650.0,18.07,31.8,24.79,6.21,7.25,29.13,15.42,2.65,9207.0,1102.0
2007.0,EWR,209019,207435,0.6903,0.4335,0.618,345.0,5926.0,718.0,5992.0,21.24,35.34,27.78,5.49,6.89,28.74,15.22,2.8,11918.0,1063.0
2008.0,EWR,207145,206270,0.7034,0.4371,0.6404,324.0,4511.0,545.0,4608.0,20.24,34.57,26.55,4.83,5.64,28.98,15.63,3.18,9119.0,869.0
2009.0,EWR,196298,195150,0.7408,0.4957,0.6701,348.0,2969.0,484.0,3013.0,17.99,29.7,24.88,4.66,5.12,25.74,13.09,2.15,5982.0,832.0
2010.0,EWR,192614,191370,0.754,0.61,0.7203,299.0,3706.0,391.0,3750.0,16.22,23.19,19.37,4.11,4.1,20.94,8.1,1.96,7456.0,690.0
2011.0,EWR,192879,191645,0.7318,0.5873,0.669,286.0,4502.0,491.0,4525.0,17.77,25.08,22.32,4.85,5.14,20.99,8.49,2.54,9027.0,777.0
2012.0,EWR,196105,195110,0.7217,0.5716,0.7009,315.0,3821.0,310.0,3915.0,18.06,25.66,19.91,3.9,3.61,21.33,8.71,2.86,7736.0,625.0
2013.0,EWR,196365,194358,0.7264,0.5815,0.7095,358.0,3350.0,461.0,3579.0,18.13,25.53,20.23,3.54,3.46,20.91,8.41,2.51,6929.0,819.0
2014.0,EWR,189545,188206,0.7211,0.573,0.7153,349.0,4814.0,239.0,5197.0,17.96,25.46,19.63,3.86,3.15,20.68,8.37,2.72,10011.0,588.0
2004.0,FLL,106389,106749,0.7699,0.7044,0.7454,199.0,987.0,124.0,963.0,13.27,16.89,14.38,3.5,3.83,16.27,4.67,0.93,1950.0,323.0
2005.0,FLL,121481,120277,0.7194,0.6436,0.7197,205.0,1367.0,187.0,1302.0,16.6,20.96,16.34,3.67,4.13,16.78,5.4,1.2,2669.0,392.0
2006.0,FLL,111601,110317,0.7736,0.7279,0.7762,238.0,526.0,121.0,501.0,13.13,15.92,12.77,3.58,3.22,15.28,3.83,1.04,1027.0,359.0
2007.0,FLL,117119,116401,0.7411,0.6724,0.7247,232.0,709.0,130.0,674.0,15.62,19.4,16.31,2.56,3.68,15.72,4.45,1.24,1383.0,362.0
2008.0,FLL,113379,112391,0.755,0.6863,0.7326,235.0,542.0,197.0,500.0,15.67,19.63,16.04,2.8,4.13,16.59,4.77,1.21,1042.0,432.0
2009.0,FLL,102633,101149,0.7687,0.7213,0.7719,225.0,381.0,128.0,376.0,14.02,16.81,13.33,2.95,3.67,15.75,3.68,1.29,757.0,353.0
2010.0,FLL,104078,102652,0.772,0.7276,0.7713,202.0,750.0,126.0,733.0,14.17,16.71,13.67,3.04,3.21,15.13,3.24,1.06,1483.0,328.0
2011.0,FLL,104576,103097,0.7665,0.7049,0.7647,206.0,767.0,128.0,745.0,14.5,17.8,14.28,2.08,3.46,15.87,4.16,1.12,1512.0,334.0
2012.0,FLL,106550,106006,0.7756,0.7149,0.7693,182.0,537.0,166.0,500.0,15.41,18.71,14.17,2.06,3.27,16.12,4.3,0.93,1037.0,348.0
2013.0,FLL,104830,104066,0.7426,0.6766,0.7342,219.0,410.0,206.0,401.0,16.57,20.12,16.12,2.26,3.9,16.74,4.47,1.15,811.0,425.0
2014.0,FLL,106272,105742,0.729,0.6799,0.7434,206.0,875.0,157.0,894.0,16.55,19.36,15.53,2.43,3.88,15.94,3.58,1.21,1769.0,363.0
2004.0,HNL,92661,91206,0.8673,0.8664,0.836,33.0,96.0,41.0,89.0,11.26,11.37,10.69,3.51,4.15,14.96,1.17,0.86,185.0,74.0
2005.0,HNL,97359,95239,0.8672,0.8734,0.8282,26.0,92.0,49.0,81.0,10.75,10.5,10.19,2.73,3.68,12.79,0.8,1.65,173.0,75.0
2006.0,HNL,101458,100974,0.8861,0.879,0.8495,20.0,608.0,53.0,568.0,7.2,7.75,8.55,2.59,3.47,12.37,1.63,0.87,1176.0,73.0
2007.0,HNL,102986,111266,0.8858,0.8823,0.8633,23.0,407.0,43.0,416.0,7.77,8.11,9.14,2.38,2.95,11.93,1.36,0.81,823.0,66.0
2008.0,HNL,91217,100500,0.8652,0.8433,0.8411,47.0,463.0,50.0,484.0,8.23,9.48,10.0,2.11,3.56,11.9,2.02,1.25,947.0,97.0
2009.0,HNL,90128,91124,0.8678,0.8394,0.8452,58.0,250.0,83.0,260.0,7.5,8.95,9.04,1.88,4.24,12.35,2.25,1.47,510.0,141.0
2010.0,HNL,83392,83811,0.8789,0.8535,0.8461,70.0,225.0,70.0,214.0,6.95,8.28,8.91,1.99,4.37,12.65,2.26,1.62,439.0,140.0
2011.0,HNL,83128,83426,0.8815,0.8611,0.8678,56.0,369.0,54.0,361.0,7.0,8.09,7.99,1.79,3.35,12.66,1.96,1.09,730.0,110.0
2012.0,HNL,88261,88228,0.8791,0.8523,0.8629,55.0,258.0,62.0,269.0,7.32,8.67,8.0,1.49,3.22,13.0,2.24,1.32,527.0,117.0
2013.0,HNL,87945,87896,0.8734,0.8479,0.8504,57.0,448.0,52.0,457.0,7.96,9.3,9.23,1.64,3.28,13.32,2.27,1.3,905.0,109.0
2014.0,HNL,90752,88621,0.8882,0.86,0.8577,64.0,179.0,78.0,166.0,6.45,7.84,8.22,1.91,3.5,13.52,2.31,1.17,345.0,142.0
2004.0,HOU,65315,65458,0.728,0.7156,0.7639,114.0,1238.0,217.0,1186.0,13.61,15.34,12.23,5.35,2.58,8.95,2.26,0.92,2424.0,331.0
2005.0,HOU,62927,62981,0.7235,0.7055,0.7628,163.0,1289.0,257.0,1224.0,13.98,16.17,12.48,5.45,2.48,9.38,2.52,1.05,2513.0,420.0
2006.0,HOU,63002,62901,0.7085,0.6939,0.7515,80.0,1009.0,176.0,1043.0,15.18,16.5,13.16,5.25,2.46,8.69,1.68,1.09,2052.0,256.0
2007.0,HOU,64971,64877,0.7014,0.6714,0.7303,114.0,940.0,265.0,951.0,16.37,18.35,14.8,5.5,2.93,9.25,2.42,1.21,1891.0,379.0
2008.0,HOU,62474,62377,0.7152,0.6879,0.75,104.0,1584.0,215.0,1554.0,15.53,17.36,13.83,4.13,2.61,9.39,2.41,1.3,3138.0,319.0
2009.0,HOU,59009,59006,0.7383,0.7209,0.7915,105.0,844.0,240.0,808.0,14.27,15.48,11.13,2.41,2.0,8.92,1.73,1.5,1652.0,345.0
2010.0,HOU,58084,58176,0.6841,0.6558,0.7649,102.0,864.0,170.0,842.0,16.07,17.73,12.07,1.86,2.16,9.29,2.16,1.86,1706.0,272.0
2011.0,HOU,60853,60660,0.7082,0.6824,0.779,122.0,868.0,85.0,887.0,15.4,16.83,12.07,1.37,1.93,9.03,1.8,1.46,1755.0,207.0
2012.0,HOU,63731,63771,0.7228,0.6964,0.7963,120.0,594.0,138.0,609.0,14.35,15.88,10.77,1.33,1.92,9.12,1.87,1.49,1203.0,258.0
2013.0,HOU,67223,67673,0.6686,0.6321,0.7436,117.0,540.0,117.0,553.0,16.24,18.16,13.19,1.29,2.46,9.41,2.16,1.71,1093.0,234.0
2014.0,HOU,68319,68348,0.6526,0.6237,0.7159,145.0,955.0,153.0,980.0,18.51,20.22,15.8,2.11,3.0,9.72,2.3,1.73,1935.0,298.0
2004.0,HPN,34104,33880,0.6116,0.5583,0.5732,24.0,349.0,47.0,315.0,20.8,24.1,22.43,4.3,5.73,14.22,4.88,1.73,664.0,71.0
2005.0,HPN,33059,32858,0.5622,0.5171,0.5604,14.0,320.0,41.0,281.0,23.28,25.76,23.6,4.01,5.02,13.01,3.84,1.45,601.0,55.0
2006.0,HPN,31937,32086,0.5494,0.5159,0.55,29.0,290.0,45.0,258.0,23.3,25.65,24.01,4.17,5.17,14.4,3.48,1.85,548.0,74.0
2007.0,HPN,35911,36118,0.5299,0.4612,0.5136,49.0,600.0,97.0,522.0,25.84,30.62,27.16,4.67,6.97,16.01,5.23,3.07,1122.0,146.0
2008.0,HPN,31907,32126,0.5768,0.5266,0.5896,36.0,346.0,97.0,295.0,22.72,26.0,23.18,4.68,4.56,15.43,3.93,1.13,641.0,133.0
2009.0,HPN,27647,27642,0.6116,0.5824,0.6245,32.0,200.0,99.0,170.0,20.39,22.14,20.54,3.96,4.15,13.84,2.44,0.83,370.0,131.0
2010.0,HPN,30180,30438,0.6084,0.5779,0.6159,32.0,305.0,61.0,269.0,20.5,22.38,20.77,3.63,4.55,13.17,2.45,0.92,574.0,93.0
2011.0,HPN,30813,31566,0.5993,0.5731,0.5965,20.0,328.0,66.0,293.0,21.64,23.32,22.31,3.87,4.67,12.73,2.39,1.2,621.0,86.0
2012.0,HPN,31387,32243,0.6036,0.5851,0.6174,19.0,171.0,84.0,145.0,19.91,21.07,20.23,3.71,4.01,12.05,1.77,0.94,316.0,103.0
2013.0,HPN,30725,31431,0.5824,0.53,0.5891,24.0,263.0,88.0,195.0,21.07,24.31,21.72,3.22,4.14,13.36,3.33,0.74,458.0,112.0
2014.0,HPN,30230,30777,0.5837,0.5233,0.5846,23.0,474.0,112.0,386.0,21.29,24.89,22.3,3.39,4.6,13.75,3.53,0.99,860.0,135.0
2004.0,IAD,212945,215986,0.7261,0.6179,0.7484,271.0,2856.0,260.0,3197.0,15.71,21.45,15.09,5.05,3.79,18.82,7.17,1.28,6053.0,531.0
2005.0,IAD,233140,236001,0.7425,0.6573,0.7632,182.0,2452.0,140.0,2604.0,15.07,19.41,14.15,4.38,3.57,18.64,5.8,1.75,5056.0,322.0
2006.0,IAD,169691,172953,0.7311,0.6822,0.7441,238.0,2232.0,226.0,2422.0,16.89,19.91,15.84,4.36,3.28,17.16,4.23,1.93,4654.0,464.0
2007.0,IAD,171679,173013,0.7147,0.6361,0.7193,180.0,2920.0,168.0,3116.0,17.92,22.55,17.52,4.73,3.67,18.06,5.34,1.83,6036.0,348.0
2008.0,IAD,164378,164798,0.7155,0.6368,0.7327,189.0,2077.0,150.0,2210.0,18.33,22.68,17.04,4.19,3.11,17.92,4.99,1.35,4287.0,339.0
2009.0,IAD,156324,155395,0.7718,0.7197,0.7876,181.0,1315.0,122.0,1317.0,14.57,17.53,12.74,3.8,2.74,16.72,3.78,1.49,2632.0,303.0
2010.0,IAD,155124,154841,0.7742,0.7211,0.7804,193.0,2020.0,181.0,2076.0,14.33,17.29,13.36,3.02,2.71,16.0,3.72,1.38,4096.0,374.0
2011.0,IAD,152047,151481,0.7477,0.6884,0.7527,186.0,1804.0,177.0,1842.0,16.59,20.01,15.34,3.03,3.34,16.04,4.04,1.59,3646.0,363.0
2012.0,IAD,143837,143568,0.7412,0.6805,0.7634,169.0,1698.0,135.0,1740.0,16.25,19.45,14.45,2.48,2.49,15.66,3.77,1.37,3438.0,304.0
2013.0,IAD,141951,141085,0.7262,0.6559,0.7421,159.0,1700.0,122.0,1770.0,17.29,21.13,15.92,2.44,2.76,16.28,4.42,1.49,3470.0,281.0
2014.0,IAD,134578,133877,0.6957,0.6266,0.723,130.0,2032.0,121.0,2035.0,19.34,23.11,17.66,2.78,3.05,15.94,3.85,1.49,4067.0,251.0
2004.0,IAH,247146,246368,0.8607,0.6809,0.8084,344.0,1825.0,885.0,2010.0,8.39,16.32,11.19,3.37,5.42,21.45,9.56,3.81,3835.0,1229.0
2005.0,IAH,271941,269537,0.8442,0.7184,0.8178,426.0,3426.0,766.0,3545.0,9.05,14.84,10.7,3.53,4.75,20.32,7.34,2.32,6971.0,1192.0
2006.0,IAH,291421,289276,0.7952,0.6599,0.7757,577.0,2374.0,1539.0,2500.0,12.51,18.86,13.91,3.53,5.41,21.28,7.67,3.21,4874.0,2116.0
2007.0,IAH,291242,290346,0.786,0.6935,0.7757,518.0,2033.0,1174.0,2166.0,13.19,18.14,14.45,3.47,4.4,19.69,5.73,2.9,4199.0,1692.0
2008.0,IAH,278764,278546,0.8003,0.7205,0.7854,508.0,3261.0,769.0,3366.0,12.2,16.37,14.04,3.54,4.23,18.07,5.0,2.42,6627.0,1277.0
2009.0,IAH,261290,261184,0.8416,0.7503,0.8127,510.0,1249.0,768.0,1333.0,9.42,13.79,11.34,2.96,4.3,17.48,5.36,2.29,2582.0,1278.0
2010.0,IAH,257236,256761,0.8211,0.7483,0.8066,486.0,1375.0,544.0,1484.0,10.37,13.73,11.27,2.66,4.48,16.05,4.26,1.99,2859.0,1030.0
2011.0,IAH,254998,254038,0.8034,0.7179,0.7943,527.0,2105.0,463.0,2364.0,11.6,15.52,12.38,2.44,3.94,16.52,4.84,2.26,4469.0,990.0
2012.0,IAH,247043,246118,0.7671,0.674,0.7915,469.0,1898.0,530.0,2168.0,14.18,18.43,13.28,2.07,3.09,16.44,5.12,2.41,4066.0,999.0
2013.0,IAH,241954,242330,0.7753,0.7058,0.7929,511.0,1894.0,499.0,2280.0,13.62,17.05,13.06,1.71,3.08,15.93,4.37,2.2,4174.0,1010.0
2014.0,IAH,245284,245369,0.754,0.6729,0.7649,576.0,3744.0,625.0,4297.0,14.92,18.98,15.19,2.65,3.79,16.62,4.98,2.57,8041.0,1201.0
2004.0,IND,86320,86866,0.7792,0.7424,0.7445,63.0,509.0,26.0,480.0,12.28,14.49,13.98,2.97,4.43,12.98,3.18,1.35,989.0,89.0
2005.0,IND,92901,93187,0.7605,0.7179,0.737,103.0,608.0,49.0,572.0,13.27,15.64,14.75,3.12,5.02,13.21,3.57,1.74,1180.0,152.0
2006.0,IND,87866,87860,0.7781,0.7396,0.7379,125.0,387.0,53.0,359.0,12.62,14.74,14.4,2.95,4.71,13.39,3.18,1.64,746.0,178.0
2007.0,IND,85550,85626,0.7714,0.7229,0.708,131.0,991.0,54.0,945.0,13.65,16.55,16.83,3.27,5.08,14.19,3.69,2.34,1936.0,185.0
2008.0,IND,84243,84597,0.7975,0.7502,0.7633,102.0,749.0,69.0,708.0,12.14,14.85,13.51,3.19,3.95,14.14,3.49,1.33,1457.0,171.0
2009.0,IND,74138,74235,0.8193,0.7832,0.8183,97.0,520.0,70.0,490.0,10.92,12.95,10.27,2.92,2.99,13.12,2.67,0.46,1010.0,167.0
2010.0,IND,71636,71856,0.7958,0.7501,0.7974,103.0,622.0,60.0,560.0,11.77,14.12,11.43,2.85,3.0,13.16,3.05,0.46,1182.0,163.0
2011.0,IND,68885,68918,0.7856,0.7603,0.784,64.0,598.0,68.0,524.0,12.53,13.93,12.35,2.63,2.89,12.19,2.02,0.78,1122.0,132.0
2012.0,IND,68311,68266,0.8098,0.7831,0.8027,63.0,296.0,48.0,251.0,11.2,12.52,10.92,2.16,2.46,12.05,1.86,0.81,547.0,111.0
2013.0,IND,67136,66993,0.7664,0.7252,0.7706,82.0,434.0,49.0,376.0,13.89,16.18,13.29,2.04,2.84,12.77,2.78,1.02,810.0,131.0
2014.0,IND,66542,66383,0.7231,0.6907,0.7524,66.0,786.0,68.0,680.0,15.78,17.63,14.49,2.06,3.07,12.8,2.5,1.18,1466.0,134.0
2004.0,ISP,4045,4061,0.84,0.8156,0.7956,39.0,237.0,55.0,214.0,8.27,10.6,10.56,3.06,2.52,10.04,2.73,1.09,451.0,94.0
2005.0,ISP,17364,17291,0.8102,0.7899,0.792,36.0,210.0,13.0,213.0,10.45,12.45,11.34,3.17,2.31,9.84,2.58,1.02,423.0,49.0
2006.0,ISP,15706,15641,0.8008,0.7945,0.7896,27.0,173.0,62.0,181.0,11.63,12.39,11.93,3.62,2.11,8.59,1.33,0.59,354.0,89.0
2007.0,ISP,15214,15170,0.8096,0.7861,0.7713,26.0,175.0,34.0,166.0,11.49,12.99,13.55,3.72,2.14,8.91,1.8,0.67,341.0,60.0
2008.0,ISP,13736,12677,0.8058,0.7879,0.7726,28.0,70.0,22.0,76.0,11.95,13.02,13.43,2.28,1.98,8.6,1.55,0.76,146.0,50.0
2009.0,ISP,10590,10593,0.8155,0.7973,0.7861,26.0,84.0,37.0,75.0,10.74,11.66,11.73,1.75,1.9,8.4,1.36,0.81,159.0,63.0
2010.0,ISP,9856,9770,0.7876,0.767,0.7407,21.0,178.0,27.0,172.0,11.42,12.71,13.92,1.75,2.12,8.55,1.57,0.61,350.0,48.0
2011.0,ISP,9556,9546,0.8036,0.7882,0.763,16.0,147.0,29.0,138.0,12.66,13.8,15.37,1.42,1.89,8.64,1.51,0.5,285.0,45.0
2012.0,ISP,8716,8710,0.7868,0.7728,0.754,10.0,67.0,19.0,74.0,13.61,14.57,15.33,1.23,1.97,8.38,1.22,0.45,141.0,29.0
2013.0,ISP,8344,8291,0.7572,0.7285,0.7059,12.0,70.0,13.0,67.0,13.38,14.73,16.9,1.27,2.57,8.61,1.4,0.42,137.0,25.0
2014.0,ISP,7816,7776,0.7238,0.7033,0.6817,17.0,103.0,19.0,104.0,17.02,18.18,19.89,1.26,2.6,9.08,1.56,0.46,207.0,36.0
2004.0,JAX,11321,11447,0.7824,0.7584,0.7496,94.0,645.0,63.0,558.0,11.9,13.57,13.15,1.55,2.23,11.64,2.5,0.7,1203.0,157.0
2005.0,JAX,46410,46695,0.777,0.7525,0.739,91.0,363.0,32.0,296.0,12.67,14.53,14.12,1.69,3.01,11.76,2.65,1.04,659.0,123.0
2006.0,JAX,45885,46065,0.7822,0.7587,0.7469,114.0,311.0,41.0,287.0,12.35,14.05,13.68,1.5,2.85,11.88,2.44,1.01,598.0,155.0
2007.0,JAX,48344,48598,0.7744,0.7407,0.7117,122.0,446.0,44.0,414.0,13.44,15.64,15.88,1.37,3.45,12.76,3.02,1.48,860.0,166.0
2008.0,JAX,43779,44043,0.7964,0.7701,0.7487,85.0,495.0,73.0,434.0,12.5,14.28,14.34,1.44,3.59,12.69,2.65,0.94,929.0,158.0
2009.0,JAX,38246,38209,0.8212,0.7858,0.7799,88.0,274.0,64.0,220.0,10.76,12.78,12.04,1.28,3.14,12.97,2.97,0.89,494.0,152.0
2010.0,JAX,37272,37361,0.8334,0.8011,0.7832,95.0,444.0,40.0,384.0,9.92,11.57,11.9,1.15,2.65,12.66,2.68,0.87,828.0,135.0
2011.0,JAX,38130,38079,0.822,0.8009,0.7781,75.0,367.0,39.0,333.0,10.98,12.26,12.45,1.19,2.78,12.32,2.22,0.81,700.0,114.0
2012.0,JAX,34150,34070,0.8279,0.8054,0.7868,56.0,234.0,37.0,194.0,10.71,11.99,12.28,1.1,2.42,12.44,2.21,1.04,428.0,93.0
2013.0,JAX,34562,34417,0.7957,0.7692,0.7514,71.0,279.0,41.0,237.0,12.73,14.16,14.29,1.26,2.72,12.64,2.34,1.15,516.0,112.0
2014.0,JAX,35084,35010,0.7868,0.7596,0.7414,71.0,468.0,39.0,417.0,13.32,14.77,14.92,2.11,3.09,12.7,2.19,0.85,885.0,110.0
2004.0,JFK,151115,148127,0.7543,0.6028,0.7461,218.0,1340.0,211.0,1194.0,15.07,22.43,14.91,3.64,4.65,23.79,8.75,2.95,2534.0,429.0
2005.0,JFK,164971,162914,0.7133,0.5107,0.6936,245.0,1915.0,407.0,1749.0,17.38,27.8,18.4,4.4,5.72,27.58,12.17,3.9,3664.0,652.0
2006.0,JFK,180139,178673,0.7182,0.4423,0.6704,465.0,1932.0,489.0,1767.0,18.44,33.84,20.65,4.7,5.99,32.94,17.12,3.35,3699.0,954.0
2007.0,JFK,210060,209898,0.6688,0.3808,0.6298,236.0,4102.0,635.0,4089.0,22.68,40.51,24.92,6.63,7.21,35.76,18.94,4.01,8191.0,871.0
2008.0,JFK,208347,207144,0.7343,0.5042,0.667,447.0,3196.0,530.0,3200.0,18.44,31.57,22.66,6.38,6.34,33.31,14.31,3.93,6396.0,977.0
2009.0,JFK,201184,199397,0.7784,0.5814,0.7249,307.0,2618.0,375.0,2728.0,14.42,25.05,17.71,5.69,5.04,31.07,11.98,3.63,5346.0,682.0
2010.0,JFK,192101,190038,0.7348,0.57,0.739,234.0,3797.0,401.0,3849.0,17.87,26.98,17.39,5.09,4.32,28.7,10.1,3.74,7646.0,635.0
2011.0,JFK,197805,196354,0.7393,0.5989,0.7407,241.0,2580.0,400.0,2595.0,17.29,24.82,17.21,5.16,3.82,25.98,8.5,2.55,5175.0,641.0
2012.0,JFK,194788,193893,0.7697,0.6409,0.7819,174.0,1591.0,305.0,1613.0,14.83,21.27,13.89,4.32,2.97,24.98,7.55,2.02,3204.0,479.0
2013.0,JFK,196105,193781,0.7457,0.6038,0.7375,238.0,1962.0,259.0,2007.0,16.09,23.64,16.85,4.21,3.88,25.53,8.61,2.38,3969.0,497.0
2014.0,JFK,206239,205660,0.7373,0.5878,0.7344,209.0,2319.0,389.0,2380.0,16.64,23.83,17.23,4.69,4.05,25.1,8.04,2.61,4699.0,598.0
2004.0,LAS,196424,196144,0.7609,0.6589,0.7631,289.0,1484.0,195.0,1347.0,12.72,17.67,13.28,2.38,3.29,16.2,5.89,1.51,2831.0,484.0
2005.0,LAS,212089,212329,0.741,0.6581,0.7621,300.0,1400.0,173.0,1271.0,13.41,17.3,12.99,2.19,3.09,15.39,4.69,1.77,2671.0,473.0
2006.0,LAS,216984,217891,0.737,0.6255,0.7433,377.0,1609.0,245.0,1460.0,13.78,18.81,13.76,2.16,3.66,16.45,6.0,1.8,3069.0,622.0
2007.0,LAS,223643,225495,0.7447,0.6177,0.7494,424.0,1842.0,181.0,1677.0,13.81,19.42,13.79,2.29,3.4,16.9,6.56,2.01,3519.0,605.0
2008.0,LAS,207552,208196,0.762,0.6664,0.7586,339.0,2057.0,400.0,1805.0,13.95,18.58,13.92,2.24,3.63,16.28,5.65,1.7,3862.0,739.0
2009.0,LAS,183201,183116,0.7923,0.7356,0.8069,272.0,991.0,146.0,924.0,11.31,14.28,10.42,1.76,2.71,14.47,3.94,1.53,1915.0,418.0
2010.0,LAS,174475,174562,0.7742,0.7168,0.8008,303.0,1016.0,174.0,964.0,12.32,15.26,10.79,1.61,2.24,14.14,3.87,1.57,1980.0,477.0
2011.0,LAS,181828,181770,0.775,0.7176,0.7955,281.0,1143.0,160.0,1088.0,12.37,15.27,11.14,1.57,2.56,14.26,3.79,1.59,2231.0,441.0
2012.0,LAS,179153,180035,0.7802,0.7286,0.8051,239.0,918.0,182.0,817.0,12.47,15.13,10.84,1.47,2.34,13.93,3.5,2.1,1735.0,421.0
2013.0,LAS,177409,179793,0.7477,0.6901,0.7771,274.0,777.0,156.0,726.0,14.46,17.37,12.84,1.29,2.66,13.99,3.62,1.73,1503.0,430.0
2014.0,LAS,181578,181929,0.7394,0.6887,0.7643,266.0,1115.0,159.0,1035.0,14.77,17.47,13.47,1.71,2.89,13.61,3.35,1.77,2150.0,425.0
2004.0,LAX,307973,307061,0.8144,0.7604,0.8093,382.0,2508.0,270.0,2727.0,10.17,13.22,10.47,3.03,3.52,14.08,4.1,2.41,5235.0,652.0
2005.0,LAX,306439,306044,0.801,0.7546,0.7923,363.0,2379.0,171.0,2592.0,10.55,13.22,11.22,3.02,3.54,13.9,3.72,2.37,4971.0,534.0
2006.0,LAX,306821,306201,0.7819,0.7213,0.7561,379.0,3028.0,260.0,3248.0,11.81,15.0,13.23,3.18,4.11,14.82,4.36,2.93,6276.0,639.0
2007.0,LAX,316257,316715,0.777,0.6992,0.7501,398.0,3259.0,208.0,3417.0,12.42,16.24,14.09,3.19,4.05,15.71,4.81,3.58,6676.0,606.0
2008.0,LAX,293640,294144,0.7942,0.7478,0.7675,476.0,2838.0,237.0,3077.0,12.15,14.62,13.51,3.07,3.93,14.82,3.37,2.69,5915.0,713.0
2009.0,LAX,262782,262838,0.833,0.8032,0.8153,363.0,1911.0,209.0,2000.0,9.95,11.65,10.83,2.75,2.77,13.68,2.63,2.15,3911.0,572.0
2010.0,LAX,269895,270550,0.8106,0.7674,0.7992,420.0,2206.0,240.0,2292.0,11.27,13.57,11.59,2.65,2.92,14.09,3.22,2.97,4498.0,660.0
2011.0,LAX,284127,284618,0.8082,0.7493,0.7809,439.0,2617.0,341.0,2764.0,11.02,14.02,12.32,2.77,3.63,14.86,3.96,3.31,5381.0,780.0
2012.0,LAX,284637,285252,0.8022,0.7334,0.7884,479.0,2315.0,241.0,2493.0,11.55,14.95,12.14,2.47,3.12,15.39,4.44,4.0,4808.0,720.0
2013.0,LAX,288214,288965,0.8001,0.7435,0.7844,494.0,2441.0,332.0,2541.0,11.69,14.58,12.66,2.33,3.17,15.21,3.98,3.53,4982.0,826.0
2014.0,LAX,303156,302628,0.7681,0.7048,0.7652,601.0,2493.0,298.0,2726.0,13.32,16.46,13.99,2.64,3.63,15.44,4.09,3.9,5219.0,899.0
2004.0,LGA,196421,196310,0.7963,0.621,0.7518,265.0,4347.0,449.0,4241.0,12.44,20.77,15.47,5.29,4.57,23.28,10.18,2.42,8588.0,714.0
2005.0,LGA,196606,196474,0.7429,0.569,0.6829,271.0,5060.0,592.0,4879.0,16.09,24.55,20.41,5.73,5.67,22.44,10.35,2.41,9939.0,863.0
2006.0,LGA,196274,196378,0.7398,0.5213,0.6671,278.0,4718.0,537.0,4668.0,16.55,27.64,21.05,5.97,5.99,25.75,13.0,2.39,9386.0,815.0
2007.0,LGA,191343,191847,0.7004,0.4267,0.6109,290.0,6415.0,573.0,6304.0,19.48,33.26,25.0,6.93,6.84,27.32,15.0,2.56,12719.0,863.0
2008.0,LGA,186037,186204,0.7458,0.4705,0.6572,270.0,5753.0,701.0,5721.0,16.86,30.04,22.23,7.28,5.96,27.03,14.71,2.43,11474.0,971.0
2009.0,LGA,174192,174054,0.79,0.572,0.7178,272.0,4007.0,546.0,3943.0,13.77,24.08,18.38,7.01,4.73,24.42,11.96,1.89,7950.0,818.0
2010.0,LGA,178701,178938,0.7996,0.5804,0.7617,272.0,4336.0,483.0,4301.0,12.95,22.85,14.95,5.83,3.62,24.42,11.53,2.35,8637.0,755.0
2011.0,LGA,180288,180945,0.7639,0.5437,0.7373,215.0,4636.0,434.0,4658.0,15.96,26.25,17.7,6.14,3.54,24.68,11.67,1.96,9294.0,649.0
2012.0,LGA,181426,182054,0.804,0.5906,0.7814,205.0,3408.0,398.0,3361.0,12.82,22.33,14.19,5.13,2.97,23.97,10.98,2.25,6769.0,603.0
2013.0,LGA,182284,181998,0.7698,0.5486,0.746,211.0,3311.0,545.0,3319.0,15.72,25.84,17.29,5.25,3.28,24.43,11.25,2.24,6630.0,756.0
2014.0,LGA,180282,180537,0.7599,0.5318,0.7498,247.0,4672.0,433.0,4762.0,15.75,25.92,16.47,4.79,3.19,24.61,11.21,2.34,9434.0,680.0
2004.0,LGB,3663,3749,0.8438,0.8329,0.7437,32.0,92.0,79.0,85.0,8.82,9.81,12.79,1.98,4.15,12.35,1.96,0.63,177.0,111.0
2005.0,LGB,15607,15858,0.8484,0.8274,0.7743,33.0,49.0,53.0,46.0,8.24,9.57,11.52,1.59,3.25,12.48,2.29,0.82,95.0,86.0
2006.0,LGB,15360,16113,0.8435,0.8121,0.7752,34.0,65.0,120.0,63.0,8.66,10.65,11.26,1.71,4.2,13.68,3.01,0.78,128.0,154.0
2007.0,LGB,16866,17042,0.8255,0.7819,0.7832,44.0,157.0,43.0,147.0,9.67,12.19,11.9,2.02,4.06,15.3,3.79,1.39,304.0,87.0
2008.0,LGB,17722,17958,0.8261,0.8062,0.7886,46.0,134.0,89.0,135.0,10.59,11.97,12.59,2.26,4.49,14.45,2.46,1.72,269.0,135.0
2009.0,LGB,16686,16753,0.8676,0.8544,0.8367,24.0,72.0,47.0,69.0,7.68,8.72,9.05,2.14,3.34,13.56,2.14,1.19,141.0,71.0
2010.0,LGB,16764,16706,0.8193,0.7895,0.824,23.0,129.0,34.0,127.0,10.85,12.79,10.48,2.36,3.11,14.17,2.88,1.47,256.0,57.0
2011.0,LGB,16578,16559,0.8351,0.8176,0.8283,17.0,99.0,41.0,83.0,10.04,11.24,10.17,2.73,2.69,13.38,2.23,0.86,182.0,58.0
2012.0,LGB,15954,15899,0.8441,0.8343,0.8496,9.0,84.0,20.0,66.0,9.72,10.49,9.25,2.26,2.22,12.57,1.81,0.6,150.0,29.0
2013.0,LGB,14945,15163,0.8599,0.8462,0.8432,18.0,98.0,12.0,96.0,8.51,9.49,9.17,2.19,2.37,12.63,2.03,0.63,194.0,30.0
2014.0,LGB,14641,14736,0.8434,0.8288,0.832,14.0,130.0,29.0,123.0,9.26,10.14,9.71,2.37,2.37,12.5,1.86,0.63,253.0,43.0
2004.0,MCI,79314,79750,0.8214,0.7974,0.775,121.0,670.0,98.0,576.0,10.05,11.96,12.41,3.05,3.13,11.1,2.74,0.84,1246.0,219.0
2005.0,MCI,78603,79179,0.8126,0.7882,0.7634,100.0,688.0,137.0,602.0,10.72,12.64,13.16,2.82,2.91,11.06,2.65,0.99,1290.0,237.0
2006.0,MCI,80635,81982,0.7984,0.7765,0.7451,122.0,544.0,70.0,474.0,11.99,13.53,14.09,2.72,3.43,10.99,2.34,0.98,1018.0,192.0
2007.0,MCI,92612,92916,0.7823,0.7447,0.7376,162.0,1147.0,151.0,1006.0,13.22,15.54,15.03,2.97,3.85,11.97,3.08,1.31,2153.0,313.0
2008.0,MCI,83948,84279,0.7933,0.7669,0.7476,158.0,841.0,122.0,768.0,12.93,14.56,14.31,2.69,3.62,11.57,2.44,1.04,1609.0,280.0
2009.0,MCI,71385,71498,0.8298,0.7994,0.793,102.0,538.0,133.0,453.0,10.61,12.56,11.54,2.76,2.98,11.89,2.8,1.19,991.0,235.0
2010.0,MCI,68953,69136,0.8147,0.7874,0.7975,133.0,654.0,186.0,605.0,11.24,12.81,11.46,2.76,2.56,11.46,2.42,1.06,1259.0,319.0
2011.0,MCI,68122,68087,0.7992,0.7767,0.7844,120.0,818.0,139.0,755.0,12.58,13.89,12.63,2.56,2.6,11.28,2.21,0.96,1573.0,259.0
2012.0,MCI,64377,64185,0.8309,0.8145,0.8101,83.0,497.0,103.0,434.0,10.81,11.82,11.22,1.78,1.91,10.89,1.89,0.89,931.0,186.0
2013.0,MCI,62289,62112,0.795,0.7622,0.7621,103.0,871.0,83.0,771.0,12.69,14.59,14.05,1.79,2.59,11.61,2.84,1.07,1642.0,186.0
2014.0,MCI,61417,61249,0.7732,0.7443,0.7472,129.0,824.0,83.0,799.0,14.14,15.73,15.21,2.17,2.72,11.26,2.36,1.04,1623.0,212.0
2004.0,MCO,150156,150352,0.8138,0.7698,0.7847,218.0,2240.0,139.0,2190.0,10.76,13.62,11.94,2.42,3.42,13.83,3.74,1.45,4430.0,357.0
2005.0,MCO,166165,166776,0.7837,0.7546,0.7699,281.0,856.0,157.0,817.0,12.54,14.6,13.07,2.74,3.57,12.95,2.85,1.3,1673.0,438.0
2006.0,MCO,164499,164935,0.7929,0.7546,0.7902,288.0,784.0,171.0,721.0,12.02,14.49,11.99,2.83,3.02,13.03,3.27,1.52,1505.0,459.0
2007.0,MCO,170984,171358,0.776,0.7269,0.7575,339.0,1153.0,177.0,1087.0,13.67,16.74,14.19,3.04,3.69,13.65,3.99,1.81,2240.0,516.0
2008.0,MCO,159897,159942,0.7857,0.7431,0.7661,397.0,1083.0,227.0,1020.0,13.44,16.22,13.96,1.61,4.01,13.58,3.67,1.73,2103.0,624.0
2009.0,MCO,143712,142660,0.8077,0.7739,0.7967,332.0,662.0,201.0,625.0,11.62,13.81,11.79,1.25,3.4,12.9,3.1,1.9,1287.0,533.0
2010.0,MCO,146894,146304,0.7997,0.758,0.7947,319.0,1167.0,174.0,1125.0,12.0,14.52,11.88,1.44,3.07,13.05,3.44,2.15,2292.0,493.0
2011.0,MCO,148493,148527,0.806,0.7627,0.7927,360.0,1224.0,235.0,1178.0,12.3,14.98,12.36,1.25,3.34,13.45,3.67,2.27,2402.0,595.0
2012.0,MCO,144126,143983,0.8222,0.7796,0.8053,253.0,767.0,176.0,730.0,11.15,13.67,11.43,1.37,2.96,13.4,3.58,2.11,1497.0,429.0
2013.0,MCO,140125,139404,0.7822,0.7416,0.774,301.0,611.0,199.0,599.0,13.52,15.86,13.42,1.44,3.49,13.34,3.29,2.25,1210.0,500.0
2014.0,MCO,139833,139627,0.7548,0.7096,0.7571,344.0,1249.0,311.0,1251.0,15.69,18.46,15.16,2.13,3.91,13.81,3.69,2.16,2500.0,655.0
2004.0,MDW,136546,135948,0.7622,0.6929,0.7793,130.0,1056.0,220.0,1037.0,12.15,16.23,12.19,5.06,3.58,14.68,4.98,1.36,2093.0,350.0
2005.0,MDW,112579,111764,0.736,0.7014,0.7829,127.0,1091.0,238.0,1085.0,13.25,15.98,12.11,4.62,2.72,12.51,3.47,1.2,2176.0,365.0
2006.0,MDW,117357,116732,0.6915,0.6492,0.7464,186.0,1122.0,423.0,1145.0,16.63,19.65,14.54,5.41,3.3,11.99,3.65,1.27,2267.0,609.0
2007.0,MDW,120640,120302,0.6962,0.6426,0.746,161.0,1368.0,403.0,1287.0,17.31,20.36,14.87,5.35,3.32,11.68,3.62,1.5,2655.0,564.0
2008.0,MDW,106786,106657,0.7314,0.6848,0.7685,191.0,1246.0,537.0,1072.0,15.7,18.6,13.68,3.94,2.81,11.24,3.35,1.42,2318.0,728.0
2009.0,MDW,98079,98051,0.7383,0.6853,0.8051,154.0,570.0,308.0,582.0,13.85,16.78,10.64,3.54,2.12,11.42,3.52,1.24,1152.0,462.0
2010.0,MDW,96524,96752,0.6838,0.6258,0.7759,201.0,1247.0,326.0,1202.0,16.13,19.13,12.17,3.75,2.31,11.5,3.54,1.4,2449.0,527.0
2011.0,MDW,100892,101105,0.7121,0.6652,0.7941,204.0,952.0,295.0,1006.0,15.48,17.94,11.71,2.97,2.06,11.04,2.99,1.29,1958.0,499.0
2012.0,MDW,101517,101590,0.7349,0.6928,0.8093,188.0,731.0,229.0,754.0,13.74,15.8,10.34,2.01,2.01,10.54,2.55,1.56,1485.0,417.0
2013.0,MDW,101769,102887,0.6555,0.5867,0.7417,160.0,724.0,386.0,701.0,17.63,20.96,13.92,2.28,3.25,11.68,3.86,2.38,1425.0,546.0
2014.0,MDW,102373,102609,0.658,0.5825,0.7283,189.0,2521.0,621.0,2394.0,19.25,23.11,16.4,3.79,3.88,12.37,4.25,2.29,4915.0,810.0
2004.0,MEM,173254,169818,0.755,0.6877,0.7787,87.0,749.0,101.0,700.0,12.21,15.22,11.48,3.95,4.69,15.65,4.33,1.52,1449.0,188.0
2005.0,MEM,176691,173030,0.7511,0.677,0.7797,109.0,868.0,72.0,859.0,12.02,15.3,11.3,3.71,4.55,16.06,4.68,1.96,1727.0,181.0
2006.0,MEM,172206,169053,0.7544,0.6609,0.7492,95.0,878.0,55.0,863.0,12.01,16.09,13.0,4.07,5.72,17.43,5.39,1.93,1741.0,150.0
2007.0,MEM,170568,166269,0.7396,0.6421,0.7554,212.0,1583.0,191.0,1799.0,12.74,17.15,13.43,3.32,5.65,18.08,5.39,1.82,3382.0,403.0
2008.0,MEM,166979,163455,0.7602,0.6777,0.7887,226.0,1516.0,271.0,1732.0,12.9,17.01,12.12,3.27,4.99,17.72,4.93,1.97,3248.0,497.0
2009.0,MEM,153914,153422,0.7825,0.7,0.8069,233.0,918.0,154.0,1094.0,10.94,14.65,10.34,3.03,4.52,17.24,4.61,1.78,2012.0,387.0
2010.0,MEM,152842,151357,0.7585,0.6867,0.834,197.0,1670.0,156.0,1789.0,12.76,16.21,9.45,2.36,3.03,16.82,4.36,1.41,3459.0,353.0
2011.0,MEM,139824,138518,0.6692,0.6419,0.8316,111.0,1087.0,102.0,1085.0,17.04,18.58,9.64,2.18,2.44,15.2,2.14,0.49,2172.0,213.0
2012.0,MEM,118834,117676,0.6529,0.6309,0.8603,76.0,428.0,42.0,379.0,15.89,16.97,7.84,1.87,1.78,14.63,1.73,0.36,807.0,118.0
2013.0,MEM,100394,99057,0.6709,0.6287,0.8183,74.0,661.0,49.0,628.0,16.35,18.32,10.02,1.97,2.4,14.35,2.43,0.36,1289.0,123.0
2014.0,MEM,91359,90576,0.5771,0.5497,0.7724,53.0,445.0,38.0,378.0,19.86,21.1,12.29,2.45,3.12,13.38,1.36,0.28,823.0,91.0
2004.0,MHT,10165,10188,0.7684,0.7253,0.7474,61.0,340.0,49.0,314.0,13.75,16.44,13.24,2.4,2.81,13.4,3.81,0.66,654.0,110.0
2005.0,MHT,37653,37773,0.7626,0.7278,0.731,50.0,534.0,55.0,480.0,15.17,17.5,14.73,2.53,2.99,12.53,3.26,0.93,1014.0,105.0
2006.0,MHT,33142,33296,0.7221,0.6897,0.6964,76.0,263.0,27.0,252.0,18.22,20.37,16.93,2.62,3.21,12.48,2.97,0.85,515.0,103.0
2007.0,MHT,33516,33343,0.7169,0.677,0.6758,67.0,444.0,14.0,426.0,19.39,21.9,18.28,3.0,3.48,12.94,3.32,0.88,870.0,81.0
2008.0,MHT,30669,30628,0.7387,0.7047,0.7305,63.0,298.0,24.0,295.0,17.21,19.37,15.34,2.4,2.97,12.53,2.75,0.74,593.0,87.0
2009.0,MHT,26259,26296,0.7413,0.7193,0.7618,27.0,170.0,17.0,158.0,16.6,18.03,13.31,2.16,2.49,11.58,2.03,0.67,328.0,44.0
2010.0,MHT,25289,25343,0.7355,0.7042,0.7433,42.0,235.0,17.0,233.0,16.39,17.94,13.96,2.03,2.35,11.44,2.33,0.6,468.0,59.0
2011.0,MHT,24368,24377,0.7113,0.6867,0.7609,29.0,302.0,10.0,289.0,18.14,19.56,13.91,1.66,1.86,11.14,2.03,0.54,591.0,39.0
2012.0,MHT,21608,21521,0.6989,0.6704,0.7522,26.0,121.0,6.0,118.0,18.47,20.06,13.98,1.4,1.64,11.22,2.17,0.7,239.0,32.0
2013.0,MHT,20830,20713,0.684,0.6301,0.7013,32.0,183.0,8.0,188.0,18.83,21.88,16.31,1.34,2.15,12.53,3.55,0.74,371.0,40.0
2014.0,MHT,18635,18571,0.6649,0.637,0.701,32.0,193.0,7.0,185.0,20.87,22.62,16.6,1.38,1.99,11.18,2.03,0.48,378.0,39.0
2004.0,MIA,154709,144138,0.7605,0.7282,0.7661,128.0,1215.0,108.0,1163.0,15.18,17.01,14.57,2.14,3.83,16.39,3.01,2.28,2378.0,236.0
2005.0,MIA,153661,143341,0.722,0.68,0.7242,188.0,1483.0,164.0,1448.0,18.06,20.6,16.64,2.53,4.46,15.95,3.59,2.74,2931.0,352.0
2006.0,MIA,155326,149223,0.7484,0.7075,0.7422,175.0,748.0,151.0,751.0,16.66,19.22,16.12,2.22,3.89,15.92,3.44,2.37,1499.0,326.0
2007.0,MIA,153621,149731,0.7052,0.6584,0.6889,185.0,844.0,120.0,849.0,19.39,22.27,19.91,1.94,4.21,15.76,3.49,2.53,1693.0,305.0
2008.0,MIA,148383,140270,0.7026,0.6571,0.6766,176.0,787.0,131.0,795.0,20.11,23.01,20.97,2.9,5.23,16.0,3.37,2.86,1582.0,307.0
2009.0,MIA,145748,134669,0.7137,0.6763,0.7213,221.0,572.0,185.0,570.0,18.89,21.25,17.31,3.05,4.73,15.7,3.03,2.87,1142.0,406.0
2010.0,MIA,155714,145274,0.7268,0.6765,0.7521,233.0,1079.0,177.0,1079.0,18.32,21.14,15.25,2.86,3.86,16.13,3.54,2.85,2158.0,410.0
2011.0,MIA,164184,155362,0.735,0.6871,0.7666,372.0,1458.0,278.0,1522.0,17.8,20.51,14.36,2.59,3.43,16.2,3.43,2.25,2980.0,650.0
2012.0,MIA,162815,157000,0.7445,0.6962,0.7651,247.0,921.0,237.0,960.0,16.92,19.61,14.94,2.21,3.31,16.25,3.5,2.56,1881.0,484.0
2013.0,MIA,166455,159690,0.7684,0.7153,0.7821,270.0,564.0,203.0,596.0,14.58,17.44,14.02,2.17,3.2,16.41,3.68,2.35,1160.0,473.0
2014.0,MIA,168629,164346,0.7783,0.7172,0.7825,283.0,835.0,337.0,948.0,14.23,17.44,14.61,2.8,3.81,17.11,4.28,2.4,1783.0,620.0
2004.0,MKE,23109,23138,0.7742,0.753,0.7335,46.0,406.0,22.0,369.0,11.78,12.79,13.62,2.6,3.43,12.47,2.42,0.52,775.0,68.0
2005.0,MKE,94493,94132,0.7396,0.6994,0.7319,57.0,416.0,22.0,371.0,14.01,16.05,14.36,2.01,3.2,13.12,3.24,0.91,787.0,79.0
2006.0,MKE,87040,86797,0.7625,0.7353,0.7278,68.0,477.0,41.0,446.0,13.46,15.02,14.85,1.75,3.78,13.1,2.3,0.92,923.0,109.0
2007.0,MKE,86640,86703,0.7183,0.6728,0.6779,83.0,808.0,80.0,790.0,16.08,18.64,17.83,1.98,4.75,13.78,2.99,0.96,1598.0,163.0
2008.0,MKE,80819,80349,0.7409,0.7014,0.724,96.0,1200.0,137.0,1162.0,16.13,18.64,16.45,3.27,4.28,14.25,3.31,0.97,2362.0,233.0
2009.0,MKE,74866,74974,0.7979,0.7646,0.7996,94.0,658.0,92.0,670.0,12.27,14.26,11.34,3.56,3.13,13.3,2.71,0.84,1328.0,186.0
2010.0,MKE,85455,85584,0.7871,0.7547,0.7901,98.0,708.0,134.0,683.0,12.58,14.32,11.85,4.39,3.37,12.59,2.44,1.01,1391.0,232.0
2011.0,MKE,76548,76746,0.7831,0.7428,0.7791,104.0,770.0,72.0,758.0,13.37,15.63,12.86,4.01,3.39,12.75,2.8,0.93,1528.0,176.0
2012.0,MKE,56232,56653,0.7984,0.7681,0.7932,65.0,419.0,96.0,372.0,12.32,14.02,11.51,2.74,2.59,12.1,2.36,1.07,791.0,161.0
2013.0,MKE,50040,50304,0.7491,0.7026,0.7387,71.0,546.0,63.0,484.0,15.46,17.98,14.8,2.76,3.17,12.86,3.24,1.32,1030.0,134.0
2014.0,MKE,47897,47869,0.7361,0.6938,0.7126,72.0,952.0,59.0,860.0,17.13,19.41,16.65,3.16,3.57,12.79,3.02,1.17,1812.0,131.0
2004.0,MSP,254994,253293,0.8041,0.6918,0.8128,307.0,1912.0,304.0,1972.0,10.25,15.33,10.28,5.34,3.99,17.44,6.67,1.4,3884.0,611.0
2005.0,MSP,250633,249613,0.7559,0.6256,0.7905,329.0,1785.0,358.0,1935.0,13.01,18.97,11.89,5.03,3.64,18.31,7.27,1.97,3720.0,687.0
2006.0,MSP,222831,223060,0.8,0.7204,0.8074,286.0,1238.0,277.0,1380.0,10.9,14.83,11.05,3.66,3.36,16.83,5.12,2.16,2618.0,563.0
2007.0,MSP,214837,213716,0.7719,0.6415,0.7327,344.0,3536.0,466.0,3792.0,13.0,19.32,16.2,4.42,5.49,19.31,7.27,3.49,7328.0,810.0
2008.0,MSP,213811,212956,0.8013,0.7249,0.7952,321.0,1729.0,318.0,1988.0,11.11,14.97,12.48,4.36,3.96,17.93,4.83,2.02,3717.0,639.0
2009.0,MSP,207765,207199,0.8252,0.7454,0.8063,316.0,1450.0,235.0,1694.0,9.81,13.71,11.8,4.29,3.73,17.59,4.7,2.24,3144.0,551.0
2010.0,MSP,208609,207351,0.8012,0.7309,0.7997,299.0,2171.0,257.0,2467.0,11.44,14.97,11.85,4.06,3.23,17.27,4.3,2.37,4638.0,556.0
2011.0,MSP,207583,207577,0.8267,0.7688,0.8255,214.0,1472.0,157.0,1614.0,10.31,13.26,10.67,4.1,2.61,16.51,3.72,1.45,3086.0,371.0
2012.0,MSP,203576,203737,0.8493,0.8022,0.855,197.0,751.0,169.0,868.0,8.95,11.47,8.77,3.61,2.16,16.09,3.46,1.18,1619.0,366.0
2013.0,MSP,206304,206694,0.8312,0.7433,0.8226,295.0,1620.0,187.0,1875.0,10.24,14.69,11.23,3.69,2.9,17.8,5.62,1.15,3495.0,482.0
2014.0,MSP,197864,198012,0.7892,0.7255,0.8037,281.0,1356.0,172.0,1423.0,12.33,15.46,12.25,3.7,2.95,16.36,3.74,0.9,2779.0,453.0
2004.0,MSY,63061,63323,0.8166,0.8019,0.7721,136.0,755.0,155.0,659.0,10.41,11.77,12.09,2.34,3.05,10.01,2.14,0.82,1414.0,291.0
2005.0,MSY,46978,47441,0.7815,0.7617,0.7424,97.0,1714.0,256.0,1557.0,12.41,14.15,13.94,2.73,3.38,10.28,2.58,1.35,3271.0,353.0
2006.0,MSY,39738,39639,0.7809,0.7574,0.7497,74.0,275.0,42.0,245.0,12.68,14.36,13.59,2.05,3.19,10.55,2.46,0.8,520.0,116.0
2007.0,MSY,46656,46787,0.7853,0.7538,0.7343,77.0,380.0,43.0,342.0,13.05,15.01,14.9,2.2,3.44,10.83,2.73,1.06,722.0,120.0
2008.0,MSY,49916,49920,0.7991,0.7735,0.7627,98.0,814.0,61.0,772.0,12.23,13.86,13.35,2.08,3.22,10.57,2.38,0.96,1586.0,159.0
2009.0,MSY,45682,45770,0.8332,0.8067,0.7907,85.0,204.0,53.0,178.0,10.13,11.7,11.45,1.99,2.87,10.69,2.37,1.14,382.0,138.0
2010.0,MSY,46923,47188,0.8169,0.7898,0.7903,78.0,401.0,68.0,356.0,10.66,12.18,11.27,2.01,2.6,10.73,2.28,1.28,757.0,146.0
2011.0,MSY,48593,48753,0.8221,0.8,0.7925,91.0,406.0,46.0,358.0,10.53,11.85,11.31,1.96,2.51,10.57,2.1,1.17,764.0,137.0
2012.0,MSY,47684,47777,0.8259,0.8059,0.7955,55.0,568.0,78.0,518.0,10.37,11.61,10.98,1.67,2.37,10.42,2.02,1.2,1086.0,133.0
2013.0,MSY,52334,52915,0.7943,0.7732,0.7647,87.0,328.0,69.0,297.0,11.84,13.12,13.0,1.72,2.69,10.42,2.13,1.18,625.0,156.0
2014.0,MSY,53045,53084,0.7739,0.751,0.7516,85.0,595.0,102.0,530.0,13.57,14.87,14.28,1.95,2.74,10.56,2.11,1.16,1125.0,187.0
2004.0,OAK,96255,96429,0.7932,0.769,0.7908,112.0,689.0,69.0,655.0,10.21,12.21,10.76,3.78,2.62,10.58,2.48,0.91,1344.0,181.0
2005.0,OAK,96605,96399,0.781,0.7551,0.7752,119.0,610.0,74.0,634.0,10.44,12.35,11.19,3.91,2.79,10.86,2.69,1.03,1244.0,193.0
2006.0,OAK,98253,98229,0.7824,0.7546,0.7723,115.0,918.0,148.0,952.0,10.69,12.36,11.41,3.58,3.08,11.0,2.5,1.17,1870.0,263.0
2007.0,OAK,100168,99687,0.7917,0.7525,0.7822,105.0,962.0,61.0,962.0,10.58,12.55,11.36,3.41,2.83,11.14,2.64,1.58,1924.0,166.0
2008.0,OAK,87634,86950,0.8011,0.7798,0.785,111.0,964.0,73.0,979.0,10.36,11.63,11.24,2.55,2.36,10.22,1.97,0.89,1943.0,184.0
2009.0,OAK,69111,68371,0.8181,0.8067,0.8246,55.0,599.0,37.0,588.0,9.29,10.16,8.55,2.07,1.58,9.27,1.45,0.72,1187.0,92.0
2010.0,OAK,65832,65169,0.7772,0.7617,0.7899,69.0,523.0,35.0,549.0,11.06,12.03,10.5,2.17,1.9,9.16,1.61,0.69,1072.0,104.0
2011.0,OAK,64045,63242,0.7792,0.7576,0.7906,61.0,603.0,27.0,621.0,11.11,12.39,10.61,1.89,1.76,9.2,1.82,0.73,1224.0,88.0
2012.0,OAK,64124,63681,0.7932,0.7478,0.8041,63.0,454.0,21.0,456.0,10.62,12.92,10.12,1.98,1.91,10.37,2.85,1.18,910.0,84.0
2013.0,OAK,60321,60591,0.7596,0.7321,0.7742,60.0,472.0,45.0,488.0,12.28,13.79,11.86,1.5,1.58,9.52,1.94,0.69,960.0,105.0
2014.0,OAK,62502,62539,0.7003,0.6633,0.7139,53.0,583.0,16.0,606.0,15.03,16.97,14.93,1.98,2.44,10.0,2.22,1.37,1189.0,69.0
2004.0,OGG,8355,8424,0.8645,0.8773,0.847,33.0,63.0,16.0,45.0,8.23,7.71,9.78,4.59,3.37,7.85,0.46,0.54,108.0,49.0
2005.0,OGG,35626,36108,0.8639,0.8669,0.8337,16.0,42.0,16.0,24.0,7.89,7.78,9.85,3.52,4.21,8.28,0.76,1.26,66.0,32.0
2006.0,OGG,37108,37218,0.882,0.8807,0.8596,22.0,292.0,18.0,257.0,6.69,6.89,8.01,2.9,3.7,7.75,1.05,0.82,549.0,40.0
2007.0,OGG,37476,35402,0.8871,0.8836,0.8719,10.0,223.0,16.0,190.0,7.57,7.9,7.89,2.63,3.15,7.52,1.04,0.62,413.0,26.0
2008.0,OGG,32036,29420,0.8755,0.8593,0.8606,24.0,287.0,22.0,258.0,9.61,10.54,8.6,1.86,3.52,7.79,1.56,0.93,545.0,46.0
2009.0,OGG,30677,30193,0.8957,0.8853,0.8749,20.0,106.0,18.0,80.0,6.28,6.9,7.12,1.51,3.64,8.01,1.28,0.68,186.0,38.0
2010.0,OGG,27206,27084,0.9029,0.8901,0.8718,19.0,116.0,27.0,80.0,5.81,6.54,7.15,1.43,3.94,8.47,1.56,0.75,196.0,46.0
2011.0,OGG,27142,27090,0.9097,0.8974,0.8803,23.0,139.0,27.0,106.0,6.12,6.85,7.25,1.24,3.18,8.61,1.46,0.62,245.0,50.0
2012.0,OGG,31181,31051,0.9,0.8883,0.8747,48.0,125.0,37.0,91.0,6.47,7.21,7.48,0.95,3.51,8.59,1.51,0.9,216.0,85.0
2013.0,OGG,30069,29737,0.8871,0.8743,0.8589,40.0,210.0,39.0,168.0,7.26,8.0,8.36,1.01,3.48,8.64,1.53,1.01,378.0,79.0
2014.0,OGG,34163,33547,0.9007,0.8881,0.8784,34.0,114.0,35.0,85.0,5.8,6.44,7.18,1.71,3.85,8.58,1.39,0.87,199.0,69.0
2004.0,OMA,9769,9740,0.781,0.7602,0.7523,47.0,232.0,29.0,203.0,12.11,13.63,13.01,2.28,2.73,10.94,2.43,0.59,435.0,76.0
2005.0,OMA,40412,40238,0.7747,0.7399,0.7392,40.0,291.0,21.0,235.0,12.4,14.61,13.97,2.56,3.18,11.47,3.2,1.07,526.0,61.0
2006.0,OMA,39777,40736,0.7485,0.7272,0.7197,62.0,313.0,32.0,290.0,13.87,15.44,15.25,2.06,3.27,11.13,2.23,0.86,603.0,94.0
2007.0,OMA,41352,41570,0.7288,0.6884,0.6866,84.0,587.0,51.0,522.0,16.58,19.22,17.38,2.11,3.78,12.42,3.44,1.08,1109.0,135.0
2008.0,OMA,39881,39850,0.7488,0.7173,0.6956,89.0,476.0,53.0,419.0,15.9,17.93,16.71,2.09,3.68,12.16,2.9,0.95,895.0,142.0
2009.0,OMA,36834,36758,0.7816,0.7462,0.7561,62.0,400.0,60.0,314.0,12.63,14.75,12.81,2.28,3.27,12.34,2.99,1.37,714.0,122.0
2010.0,OMA,38331,38386,0.7917,0.7521,0.7558,53.0,365.0,54.0,291.0,11.94,13.91,13.08,2.56,2.84,12.12,2.8,0.77,656.0,107.0
2011.0,OMA,37305,37502,0.8049,0.7781,0.7599,43.0,401.0,50.0,358.0,11.34,12.8,13.33,2.33,2.67,11.68,2.21,0.55,759.0,93.0
2012.0,OMA,35067,35288,0.8177,0.7964,0.7764,32.0,213.0,36.0,166.0,10.82,12.01,12.24,1.67,2.03,11.3,1.92,0.66,379.0,68.0
2013.0,OMA,33253,33594,0.781,0.7446,0.7274,65.0,394.0,50.0,313.0,12.8,14.78,15.16,1.61,2.88,12.27,3.0,1.07,707.0,115.0
2014.0,OMA,33241,33237,0.766,0.7386,0.7097,63.0,498.0,72.0,447.0,13.69,15.15,16.92,2.34,3.27,11.8,2.08,0.69,945.0,135.0
2004.0,ONT,54166,54076,0.7729,0.7488,0.8078,54.0,379.0,52.0,338.0,12.33,14.25,9.88,1.72,2.39,9.78,2.63,0.77,717.0,106.0
2005.0,ONT,54110,54080,0.7557,0.7241,0.777,34.0,355.0,51.0,319.0,12.5,14.66,11.11,2.04,2.77,10.23,2.92,1.04,674.0,85.0
2006.0,ONT,53893,54211,0.7384,0.6991,0.7822,36.0,408.0,44.0,404.0,13.85,16.15,11.08,1.85,2.81,10.96,3.06,0.88,812.0,80.0
2007.0,ONT,59098,58758,0.7602,0.7229,0.7927,63.0,471.0,68.0,441.0,13.2,15.35,11.05,1.66,2.21,11.28,3.15,0.77,912.0,131.0
2008.0,ONT,51391,51123,0.7421,0.7122,0.787,56.0,338.0,35.0,338.0,15.22,17.07,11.28,1.13,2.11,10.91,2.8,0.74,676.0,91.0
2009.0,ONT,40278,39956,0.7698,0.7554,0.8086,25.0,213.0,9.0,177.0,13.86,14.94,9.61,1.19,1.33,9.88,1.92,0.45,390.0,34.0
2010.0,ONT,37332,37205,0.7561,0.7421,0.7904,31.0,227.0,18.0,200.0,14.72,15.83,10.38,1.12,1.5,9.65,1.81,0.45,427.0,49.0
2011.0,ONT,35796,35541,0.753,0.7306,0.792,30.0,234.0,26.0,214.0,14.62,16.13,10.51,1.11,1.56,9.73,2.14,0.52,448.0,56.0
2012.0,ONT,33371,33168,0.7727,0.7491,0.8086,27.0,190.0,24.0,186.0,13.78,15.38,9.96,1.03,1.36,9.91,2.22,0.59,376.0,51.0
2013.0,ONT,32031,31743,0.7475,0.7211,0.7709,35.0,204.0,14.0,183.0,15.26,17.08,11.97,1.15,1.61,10.14,2.33,0.56,387.0,49.0
2014.0,ONT,32791,32476,0.7161,0.6824,0.7347,31.0,290.0,21.0,266.0,16.92,19.09,14.01,1.47,2.1,10.79,2.65,0.56,556.0,52.0
2004.0,ORD,485187,484859,0.7179,0.5739,0.721,700.0,11725.0,648.0,12579.0,17.79,25.86,19.19,3.19,5.81,20.23,9.36,3.34,24304.0,1348.0
2005.0,ORD,473216,474168,0.7242,0.6108,0.7672,665.0,8466.0,518.0,9199.0,16.76,23.14,15.45,3.05,4.11,19.03,7.45,3.15,17665.0,1183.0
2006.0,ORD,466079,467039,0.7036,0.5881,0.71,766.0,12915.0,1063.0,13808.0,19.66,26.29,21.15,3.56,5.59,19.33,7.75,2.82,26723.0,1829.0
2007.0,ORD,455562,455118,0.6854,0.5769,0.6909,707.0,16618.0,887.0,17571.0,20.81,27.34,22.44,3.81,5.73,19.02,7.63,3.22,34189.0,1594.0
2008.0,ORD,431539,431421,0.7049,0.6115,0.7062,801.0,15050.0,1027.0,16094.0,19.94,25.98,21.9,3.9,5.44,18.67,7.04,3.34,31144.0,1828.0
2009.0,ORD,404978,404952,0.7916,0.7251,0.8063,710.0,6827.0,677.0,7679.0,13.25,17.31,13.39,3.65,3.6,16.78,5.13,3.84,14506.0,1387.0
2010.0,ORD,430948,430618,0.7803,0.709,0.7938,755.0,7786.0,845.0,8443.0,14.09,18.26,14.33,2.48,3.54,16.26,5.05,3.31,16229.0,1600.0
2011.0,ORD,429476,428779,0.7605,0.6827,0.7772,830.0,11659.0,615.0,12494.0,15.61,20.2,16.03,2.16,3.59,16.55,5.6,3.18,24153.0,1445.0
2012.0,ORD,427374,427768,0.7707,0.6981,0.8069,703.0,6157.0,640.0,6814.0,14.45,18.5,13.31,1.89,2.74,16.06,4.97,3.16,12971.0,1343.0
2013.0,ORD,425352,428767,0.7094,0.6275,0.7521,709.0,9155.0,709.0,9999.0,18.64,23.49,17.51,2.26,3.71,16.6,5.46,3.98,19154.0,1418.0
2014.0,ORD,430429,430750,0.6787,0.5784,0.705,739.0,13454.0,831.0,14355.0,20.21,25.88,20.09,3.47,5.05,17.5,6.17,6.18,27809.0,1570.0
2004.0,OXR,731,717,0.8837,0.87,0.8591,0.0,43.0,0.0,37.0,6.75,7.46,8.42,1.17,1.42,7.24,1.73,0.36,80.0,0.0
2005.0,OXR,2730,2817,0.8905,0.8696,0.8424,0.0,33.0,0.0,22.0,5.35,6.44,7.86,1.58,2.11,7.95,2.11,0.41,55.0,0.0
2006.0,OXR,2194,2191,0.8323,0.8067,0.7408,2.0,51.0,1.0,44.0,7.73,9.41,12.67,1.66,2.97,9.67,3.29,0.83,95.0,3.0
2007.0,OXR,2044,1928,0.8728,0.8488,0.8185,1.0,21.0,0.0,17.0,6.27,7.9,8.98,1.53,2.78,10.11,2.62,0.9,38.0,1.0
2008.0,OXR,1841,1768,0.8838,0.8631,0.8479,1.0,20.0,0.0,20.0,5.44,6.54,8.16,1.76,2.01,10.52,2.33,0.57,40.0,1.0
2009.0,OXR,1649,1504,0.8757,0.8739,0.8763,0.0,27.0,0.0,24.0,5.92,6.29,6.33,1.43,1.53,9.33,1.35,0.43,51.0,0.0
2010.0,OXR,955,948,0.8628,0.8545,0.8492,0.0,10.0,0.0,8.0,6.21,6.52,7.65,1.42,2.31,8.69,0.86,0.55,18.0,0.0
2004.0,PBI,44816,43468,0.7396,0.7109,0.6915,80.0,416.0,26.0,416.0,12.92,14.74,16.45,3.02,4.16,12.81,2.75,0.44,832.0,106.0
2005.0,PBI,44764,42951,0.6871,0.655,0.6567,87.0,415.0,48.0,398.0,16.2,18.29,18.74,3.19,4.82,12.58,2.78,0.76,813.0,135.0
2006.0,PBI,45031,43552,0.7026,0.6656,0.6858,106.0,205.0,31.0,171.0,15.15,17.54,16.47,2.37,4.01,13.13,3.17,0.8,376.0,137.0
2007.0,PBI,47394,46148,0.6927,0.6576,0.6611,116.0,361.0,42.0,359.0,16.42,18.71,18.65,2.71,4.64,13.26,2.99,0.87,720.0,158.0
2008.0,PBI,43427,42451,0.6972,0.6686,0.6665,118.0,255.0,44.0,238.0,17.29,19.21,18.72,2.35,5.02,13.0,2.54,0.89,493.0,162.0
2009.0,PBI,35423,34681,0.7105,0.6857,0.6971,88.0,222.0,56.0,193.0,16.04,17.76,16.59,1.78,4.3,12.71,2.52,0.75,415.0,144.0
2010.0,PBI,36664,35608,0.7167,0.6927,0.6965,78.0,478.0,54.0,454.0,15.53,17.02,16.68,1.96,3.76,12.52,2.25,0.76,932.0,132.0
2011.0,PBI,36530,35262,0.7117,0.6872,0.6989,102.0,380.0,47.0,344.0,15.65,17.2,16.5,1.96,3.61,12.62,2.35,0.65,724.0,149.0
2012.0,PBI,35521,34510,0.7188,0.6917,0.7044,58.0,218.0,54.0,201.0,14.72,16.4,15.79,2.13,3.39,12.94,2.49,0.75,419.0,112.0
2013.0,PBI,35800,34995,0.6705,0.6426,0.662,79.0,164.0,40.0,159.0,17.67,19.45,18.01,2.2,4.18,13.02,2.2,0.64,323.0,119.0
2014.0,PBI,37466,36904,0.6586,0.6297,0.6439,88.0,429.0,56.0,414.0,18.58,20.42,20.17,2.93,5.03,13.11,2.21,0.78,843.0,144.0
2004.0,PDX,107790,107597,0.8304,0.819,0.8132,90.0,1038.0,104.0,1043.0,9.2,10.05,9.69,2.58,2.7,10.01,1.78,0.56,2081.0,194.0
2005.0,PDX,110782,110230,0.7933,0.7733,0.7808,83.0,463.0,70.0,505.0,11.06,12.41,11.27,2.62,2.89,10.28,2.16,0.98,968.0,153.0
2006.0,PDX,111646,111969,0.7963,0.776,0.7792,84.0,446.0,46.0,432.0,10.93,12.22,11.46,2.54,3.41,10.92,2.15,0.69,878.0,130.0
2007.0,PDX,114531,113943,0.8052,0.7815,0.7813,87.0,442.0,44.0,478.0,10.77,12.2,11.7,2.41,3.37,10.97,1.96,0.73,920.0,131.0
2008.0,PDX,107888,108006,0.8231,0.8037,0.8075,116.0,652.0,84.0,656.0,9.99,11.2,10.38,2.32,2.98,11.17,2.04,0.79,1308.0,200.0
2009.0,PDX,96802,96828,0.8499,0.826,0.8439,99.0,253.0,76.0,260.0,8.14,9.68,8.16,2.19,2.33,11.54,2.39,0.85,513.0,175.0
2010.0,PDX,97133,96705,0.8393,0.8244,0.8396,128.0,282.0,57.0,311.0,8.77,9.74,8.46,2.12,2.08,11.01,1.69,0.7,593.0,185.0
2011.0,PDX,92795,93153,0.8448,0.8187,0.8255,82.0,269.0,60.0,282.0,8.41,10.02,9.2,2.25,2.53,11.48,2.3,0.8,551.0,142.0
2012.0,PDX,92223,92392,0.8578,0.8421,0.848,107.0,289.0,54.0,294.0,7.97,8.98,8.3,2.09,2.16,10.81,1.62,0.62,583.0,161.0
2013.0,PDX,92554,91943,0.8373,0.8163,0.8293,125.0,322.0,72.0,330.0,9.07,10.38,9.26,2.01,2.74,11.54,2.07,0.8,652.0,197.0
2014.0,PDX,94828,94702,0.8275,0.8082,0.8137,123.0,404.0,54.0,404.0,9.47,10.65,10.13,1.98,3.31,11.29,1.92,0.75,808.0,177.0
2004.0,PHL,225283,224381,0.7136,0.5482,0.7296,247.0,2853.0,419.0,2726.0,16.68,24.85,16.39,7.58,4.96,21.38,9.79,2.44,5579.0,666.0
2005.0,PHL,252534,250524,0.6797,0.5215,0.7159,226.0,3268.0,388.0,3182.0,19.11,27.5,17.98,6.22,4.37,20.8,9.67,2.57,6450.0,614.0
2006.0,PHL,241870,240724,0.6982,0.5083,0.7007,260.0,1934.0,357.0,1799.0,18.18,27.53,19.02,6.66,4.7,21.56,10.81,2.25,3733.0,617.0
2007.0,PHL,232583,233078,0.6878,0.4887,0.6839,275.0,2493.0,388.0,2335.0,19.64,30.2,20.61,7.65,4.94,22.09,11.2,2.31,4828.0,663.0
2008.0,PHL,229700,230105,0.7554,0.604,0.7376,272.0,1969.0,320.0,1990.0,15.75,23.37,17.64,7.82,4.28,20.2,8.42,2.02,3959.0,592.0
2009.0,PHL,220842,220753,0.767,0.5992,0.738,228.0,1732.0,284.0,1679.0,14.77,23.51,16.84,7.21,4.65,20.73,9.44,2.39,3411.0,512.0
2010.0,PHL,214485,214971,0.7824,0.6507,0.77,172.0,2190.0,224.0,2191.0,13.4,19.97,14.13,6.41,3.5,18.95,7.49,1.96,4381.0,396.0
2011.0,PHL,213255,213163,0.7488,0.6371,0.7279,206.0,1988.0,275.0,1971.0,16.17,22.03,17.82,6.36,3.72,19.41,6.56,1.78,3959.0,481.0
2012.0,PHL,211377,211189,0.7969,0.6951,0.7705,168.0,1041.0,85.0,1083.0,12.28,17.15,13.95,4.72,3.07,18.5,5.6,1.67,2124.0,253.0
2013.0,PHL,206945,206032,0.7808,0.6711,0.7347,195.0,1083.0,171.0,1116.0,13.74,19.25,16.72,4.4,3.82,18.78,6.56,1.55,2199.0,366.0
2014.0,PHL,200550,200637,0.7681,0.6625,0.7404,200.0,1393.0,165.0,1474.0,14.27,19.66,16.32,4.87,3.39,18.74,6.13,1.81,2867.0,365.0
2004.0,PHX,240020,239521,0.7534,0.6639,0.7905,355.0,1578.0,214.0,1939.0,12.68,16.82,11.56,3.8,2.84,14.04,4.85,1.6,3517.0,569.0
2005.0,PHX,249530,248195,0.7483,0.6443,0.8026,296.0,1382.0,190.0,1723.0,12.44,16.98,10.82,3.87,2.51,14.42,5.24,1.92,3105.0,486.0
2006.0,PHX,245896,244854,0.7801,0.6797,0.7915,500.0,1952.0,340.0,2561.0,11.64,16.15,11.31,3.58,3.19,14.84,5.57,2.44,4513.0,840.0
2007.0,PHX,240059,239897,0.7679,0.6578,0.7722,467.0,2402.0,253.0,3121.0,12.87,17.76,12.46,2.97,3.37,14.8,5.59,2.58,5523.0,720.0
2008.0,PHX,226663,226405,0.8033,0.7129,0.8009,442.0,1875.0,333.0,2554.0,10.96,15.22,11.07,2.45,3.56,15.1,5.44,2.25,4429.0,775.0
2009.0,PHX,208700,208786,0.8255,0.7496,0.8319,427.0,1210.0,266.0,1714.0,9.34,12.75,9.07,2.07,3.18,14.63,4.5,2.16,2924.0,693.0
2010.0,PHX,205899,206051,0.8307,0.7509,0.8452,418.0,1446.0,266.0,1917.0,9.11,12.76,8.52,1.76,2.59,14.94,4.88,2.3,3363.0,684.0
2011.0,PHX,213870,213498,0.8244,0.7746,0.8444,377.0,1569.0,187.0,2085.0,9.64,12.08,8.73,2.65,2.54,13.84,3.77,2.24,3654.0,564.0
2012.0,PHX,207667,207206,0.8417,0.7734,0.8518,328.0,947.0,203.0,1342.0,8.52,11.66,8.02,2.34,2.57,14.52,4.55,2.82,2289.0,531.0
2013.0,PHX,200341,199957,0.8126,0.7323,0.831,325.0,1006.0,143.0,1499.0,9.86,13.44,9.29,1.92,2.71,14.63,4.81,2.3,2505.0,468.0
2014.0,PHX,200278,199312,0.7828,0.7177,0.809,325.0,1136.0,255.0,1535.0,11.94,14.99,10.91,2.5,2.89,14.53,4.21,2.23,2671.0,580.0
2004.0,PIT,150501,150689,0.7964,0.7653,0.8164,102.0,1063.0,35.0,1153.0,11.86,13.43,10.72,3.72,2.49,13.72,2.68,0.65,2216.0,137.0
2005.0,PIT,117635,117752,0.7999,0.7615,0.7954,78.0,1076.0,43.0,1155.0,12.07,14.05,12.06,2.99,2.54,13.11,3.07,1.07,2231.0,121.0
2006.0,PIT,104606,104602,0.809,0.7602,0.7842,116.0,847.0,39.0,784.0,11.72,14.51,12.72,2.79,3.11,13.83,3.84,1.14,1631.0,155.0
2007.0,PIT,92901,93107,0.7707,0.7143,0.7296,133.0,1108.0,31.0,1040.0,14.73,17.76,16.39,3.26,3.58,14.33,3.7,1.22,2148.0,164.0
2008.0,PIT,71863,72058,0.7655,0.7052,0.7531,133.0,759.0,51.0,700.0,15.41,18.46,15.01,3.14,3.35,14.31,3.81,1.33,1459.0,184.0
2009.0,PIT,61447,61411,0.7941,0.7378,0.7865,88.0,419.0,65.0,341.0,13.09,15.83,12.37,2.78,2.66,14.0,3.49,1.02,760.0,153.0
2010.0,PIT,60738,60748,0.8088,0.7386,0.7848,106.0,735.0,48.0,653.0,12.1,15.28,12.31,2.62,2.72,14.34,4.01,1.02,1388.0,154.0
2011.0,PIT,63078,63037,0.7774,0.7329,0.7581,88.0,527.0,58.0,480.0,14.26,16.36,14.32,2.6,3.01,13.3,2.9,0.99,1007.0,146.0
2012.0,PIT,58244,58161,0.8107,0.7727,0.7883,64.0,372.0,40.0,328.0,11.73,13.53,12.15,2.01,2.26,12.95,2.63,1.04,700.0,104.0
2013.0,PIT,59106,59132,0.7887,0.7231,0.7631,65.0,472.0,41.0,376.0,13.18,16.1,14.12,2.06,2.65,13.52,3.58,1.23,848.0,106.0
2014.0,PIT,58332,58291,0.777,0.7409,0.7498,82.0,523.0,31.0,457.0,13.76,15.3,15.1,2.21,2.8,12.42,2.37,1.21,980.0,113.0
2007.0,PSP,17764,17852,0.7411,0.7053,0.7011,20.0,152.0,14.0,121.0,13.53,15.56,15.67,2.48,3.52,11.4,3.03,1.0,273.0,34.0
2008.0,PSP,16005,16036,0.7683,0.7321,0.7312,24.0,155.0,30.0,130.0,12.35,14.32,13.87,2.82,3.71,12.16,3.1,1.17,285.0,54.0
2009.0,PSP,14802,14837,0.8128,0.7919,0.7853,21.0,97.0,31.0,70.0,10.22,11.52,10.95,2.67,2.88,11.9,2.32,0.68,167.0,52.0
2010.0,PSP,14769,14859,0.7944,0.7699,0.7574,27.0,154.0,54.0,119.0,11.54,12.97,12.86,3.07,3.12,11.77,2.5,0.73,273.0,81.0
2011.0,PSP,14458,14632,0.7738,0.7484,0.7484,21.0,153.0,17.0,125.0,12.76,14.33,13.57,3.35,3.3,11.89,2.64,0.77,278.0,38.0
2012.0,PSP,15601,15682,0.7692,0.7362,0.7587,27.0,150.0,31.0,104.0,14.0,15.98,12.85,3.23,3.2,12.51,3.14,0.84,254.0,58.0
2013.0,PSP,15346,15242,0.7754,0.7483,0.7683,18.0,155.0,26.0,121.0,14.15,15.76,12.66,2.89,2.91,12.5,2.72,0.95,276.0,44.0
2014.0,PSP,16231,16208,0.7632,0.7332,0.7512,25.0,198.0,17.0,154.0,14.56,16.29,13.81,3.19,3.78,12.67,2.74,0.99,352.0,42.0
2004.0,PVD,11349,11393,0.7967,0.7554,0.7633,73.0,387.0,27.0,364.0,12.17,14.82,13.08,4.08,2.55,12.94,3.73,0.72,751.0,100.0
2005.0,PVD,42324,42517,0.7917,0.7522,0.7621,64.0,609.0,49.0,562.0,12.52,15.03,13.36,4.14,2.97,12.12,3.41,0.88,1171.0,113.0
2006.0,PVD,38925,39178,0.7857,0.7539,0.7516,69.0,439.0,40.0,403.0,13.01,15.1,13.99,3.69,2.89,11.8,3.05,0.79,842.0,109.0
2007.0,PVD,38544,38598,0.7536,0.711,0.705,77.0,625.0,29.0,601.0,16.41,19.15,17.67,3.75,3.1,12.15,3.32,0.94,1226.0,106.0
2008.0,PVD,34486,34449,0.778,0.7426,0.7553,73.0,379.0,31.0,344.0,14.78,17.02,14.73,3.7,2.74,12.14,3.05,0.8,723.0,104.0
2009.0,PVD,30672,30647,0.7929,0.7594,0.7815,43.0,184.0,26.0,156.0,13.59,15.62,12.26,3.35,2.44,11.88,2.88,0.79,340.0,69.0
2010.0,PVD,29377,29257,0.8011,0.7577,0.77,44.0,382.0,38.0,367.0,12.17,14.29,12.7,3.51,2.58,12.3,3.03,0.63,749.0,82.0
2011.0,PVD,28435,28405,0.7802,0.7535,0.7676,37.0,421.0,26.0,392.0,14.61,16.16,13.97,3.27,2.24,12.0,2.44,0.7,813.0,63.0
2012.0,PVD,24534,24491,0.7971,0.7779,0.7784,37.0,194.0,37.0,165.0,13.17,14.19,12.56,2.93,2.11,11.22,1.89,0.66,359.0,74.0
2013.0,PVD,23919,23904,0.7783,0.7359,0.7522,33.0,212.0,21.0,188.0,14.17,16.49,14.02,2.62,2.47,12.02,3.14,0.69,400.0,54.0
2014.0,PVD,22281,21619,0.7845,0.7601,0.7381,44.0,256.0,21.0,235.0,13.35,14.73,15.11,2.5,2.15,11.61,1.98,0.66,491.0,65.0
2004.0,RDU,91681,92066,0.7774,0.7437,0.7482,139.0,1597.0,105.0,1559.0,13.02,15.22,14.07,2.39,3.47,12.25,3.27,1.17,3156.0,244.0
2005.0,RDU,92688,92884,0.7808,0.7412,0.7541,182.0,1235.0,91.0,1269.0,12.61,15.22,13.8,2.32,3.02,12.41,3.49,1.23,2504.0,273.0
2006.0,RDU,88135,88308,0.7544,0.7122,0.7248,178.0,1167.0,131.0,1156.0,14.76,17.55,15.98,2.47,3.55,13.08,3.76,1.16,2323.0,309.0
2007.0,RDU,92590,92877,0.7479,0.7038,0.7127,198.0,1434.0,81.0,1400.0,15.65,18.67,17.23,2.64,3.54,13.49,3.85,1.39,2834.0,279.0
2008.0,RDU,82686,82877,0.7737,0.7241,0.7281,136.0,1253.0,91.0,1185.0,14.46,17.59,16.46,2.83,3.79,13.82,4.08,1.34,2438.0,227.0
2009.0,RDU,73183,73439,0.798,0.7486,0.7757,109.0,845.0,71.0,791.0,12.79,15.83,13.07,2.66,3.29,14.18,4.07,1.12,1636.0,180.0
2010.0,RDU,70023,70222,0.7987,0.7516,0.7737,115.0,1207.0,73.0,1134.0,12.47,15.03,13.01,2.6,2.63,13.87,3.53,0.97,2341.0,188.0
2011.0,RDU,71200,71153,0.7824,0.7408,0.7668,99.0,1020.0,63.0,923.0,13.83,16.04,13.63,2.44,2.69,13.68,3.2,0.86,1943.0,162.0
2012.0,RDU,68663,68555,0.8108,0.7708,0.7992,88.0,679.0,56.0,620.0,11.89,14.05,11.53,2.16,2.11,13.58,3.15,0.93,1299.0,144.0
2013.0,RDU,67514,67182,0.7843,0.7276,0.7636,95.0,926.0,65.0,855.0,13.8,16.86,13.8,2.25,2.74,14.42,4.14,1.28,1781.0,160.0
2014.0,RDU,67367,67330,0.7563,0.7179,0.752,82.0,1156.0,66.0,1019.0,15.0,17.11,14.55,2.47,2.8,13.67,2.83,0.9,2175.0,148.0
2006.0,RFD,8649,8564,0.6907,0.6568,0.7287,2.0,9.0,8.0,11.0,13.58,15.1,13.46,2.16,4.08,7.96,2.32,0.85,20.0,10.0
2007.0,RFD,9005,8979,0.684,0.6338,0.7453,2.0,4.0,11.0,7.0,13.41,15.39,13.18,2.31,4.57,8.53,2.35,0.77,11.0,13.0
2008.0,RFD,8074,8011,0.6886,0.6417,0.7445,0.0,5.0,5.0,2.0,14.56,16.28,13.16,2.19,4.26,8.52,2.31,0.76,7.0,5.0
2011.0,RFD,5094,5052,0.7899,0.7905,0.7838,0.0,0.0,0.0,0.0,10.78,10.63,10.49,1.46,1.74,10.67,0.1,0.02,0.0,0.0
2012.0,RFD,4856,4762,0.793,0.7807,0.7934,0.0,1.0,0.0,1.0,9.76,10.22,10.22,1.24,1.46,10.51,0.48,0.03,2.0,0.0
2013.0,RFD,4570,4445,0.754,0.7425,0.766,0.0,0.0,0.0,0.0,12.23,12.75,11.25,1.41,1.97,11.15,0.31,0.02,0.0,0.0
2004.0,RSW,9204,9199,0.8228,0.8101,0.756,48.0,270.0,56.0,230.0,10.72,11.69,13.63,1.64,3.39,12.93,2.09,0.82,500.0,104.0
2005.0,RSW,39361,39446,0.7828,0.7557,0.7208,63.0,349.0,34.0,331.0,12.86,14.55,14.91,2.1,4.89,13.46,2.76,1.6,680.0,97.0
2006.0,RSW,38541,38574,0.7949,0.7687,0.7364,89.0,179.0,70.0,152.0,12.31,13.94,13.96,2.49,4.82,12.88,2.44,1.79,331.0,159.0
2007.0,RSW,40564,40640,0.7825,0.7528,0.7281,79.0,247.0,48.0,231.0,13.44,15.27,14.86,2.62,4.86,12.63,2.64,1.41,478.0,127.0
2008.0,RSW,38640,38758,0.8106,0.7892,0.7679,79.0,250.0,67.0,220.0,12.09,13.54,13.18,2.05,4.4,12.21,2.21,0.54,470.0,146.0
2009.0,RSW,35902,35903,0.8298,0.8077,0.7976,80.0,163.0,40.0,140.0,10.47,11.86,11.06,2.3,3.7,11.98,2.2,0.75,303.0,120.0
2010.0,RSW,36391,36472,0.833,0.81,0.7882,64.0,347.0,57.0,323.0,10.55,12.01,11.72,2.46,3.58,11.97,2.23,0.86,670.0,121.0
2011.0,RSW,36450,36385,0.8199,0.7929,0.7812,88.0,296.0,73.0,241.0,11.34,12.89,12.27,2.28,3.67,12.13,2.42,0.94,537.0,161.0
2012.0,RSW,34601,34659,0.8523,0.8297,0.811,48.0,189.0,43.0,165.0,8.99,10.33,10.36,2.13,3.24,11.97,2.24,0.88,354.0,91.0
2013.0,RSW,35396,35252,0.8139,0.788,0.7735,76.0,156.0,59.0,138.0,11.66,13.25,12.59,2.19,3.88,12.21,2.34,1.03,294.0,135.0
2014.0,RSW,34687,34572,0.7816,0.7525,0.7558,92.0,384.0,82.0,350.0,13.91,15.67,14.58,2.61,3.93,12.31,2.45,1.02,734.0,174.0
2004.0,SAN,96361,95914,0.8296,0.795,0.7877,165.0,944.0,243.0,748.0,8.8,11.21,11.05,2.62,3.04,12.86,3.49,0.94,1692.0,408.0
2005.0,SAN,102281,101518,0.8202,0.776,0.7774,137.0,926.0,202.0,768.0,9.32,12.15,11.49,2.63,3.22,13.3,3.81,1.16,1694.0,339.0
2006.0,SAN,102803,102972,0.8189,0.777,0.7733,171.0,1219.0,338.0,1060.0,9.64,12.15,11.49,2.55,3.11,13.18,3.5,1.0,2279.0,509.0
2007.0,SAN,106794,107009,0.8176,0.7655,0.7727,236.0,1142.0,150.0,1013.0,10.11,13.0,12.26,2.73,2.96,13.79,4.03,1.09,2155.0,386.0
2008.0,SAN,103786,104107,0.8091,0.7654,0.7727,201.0,1251.0,359.0,1048.0,11.02,13.61,12.36,2.66,3.19,13.62,3.75,0.98,2299.0,560.0
2009.0,SAN,91757,92101,0.83,0.8021,0.8048,148.0,768.0,219.0,653.0,9.56,11.45,10.11,2.61,2.51,12.95,3.04,0.89,1421.0,367.0
2010.0,SAN,87436,87619,0.8166,0.7808,0.804,128.0,858.0,220.0,743.0,10.2,12.35,10.3,2.37,2.21,12.88,3.11,0.86,1601.0,348.0
2011.0,SAN,85528,85655,0.8161,0.7803,0.7936,120.0,1031.0,172.0,884.0,10.36,12.54,11.03,2.02,2.52,12.92,3.17,0.83,1915.0,292.0
2012.0,SAN,86058,86414,0.8273,0.7819,0.8065,121.0,987.0,253.0,830.0,10.32,12.91,10.76,1.96,2.13,13.37,3.63,1.06,1817.0,374.0
2013.0,SAN,86848,87415,0.802,0.7573,0.7791,133.0,956.0,228.0,839.0,11.26,13.83,11.87,1.95,2.39,13.52,3.71,0.97,1795.0,361.0
2014.0,SAN,90092,90007,0.7792,0.7378,0.7647,155.0,1010.0,183.0,931.0,12.82,15.2,13.07,2.1,2.46,13.68,3.58,0.87,1941.0,338.0
2004.0,SAT,53755,54414,0.7849,0.7684,0.751,51.0,555.0,52.0,499.0,11.87,13.48,13.0,2.88,3.35,9.97,2.37,0.68,1054.0,103.0
2005.0,SAT,53524,54155,0.7943,0.7735,0.7637,66.0,525.0,31.0,502.0,11.22,12.83,12.23,2.67,2.79,10.08,2.36,0.97,1027.0,97.0
2006.0,SAT,56908,57817,0.7895,0.7691,0.7511,94.0,474.0,44.0,410.0,11.92,13.42,13.31,2.75,3.03,10.51,2.42,0.85,884.0,138.0
2007.0,SAT,59403,60046,0.7702,0.7403,0.7189,99.0,721.0,113.0,660.0,13.35,15.21,15.26,3.28,3.63,11.11,2.66,0.95,1381.0,212.0
2008.0,SAT,58527,58757,0.7904,0.7636,0.7442,99.0,542.0,40.0,505.0,12.26,14.01,14.02,2.56,3.14,11.2,2.58,0.94,1047.0,139.0
2009.0,SAT,52057,52241,0.8059,0.7851,0.7788,93.0,253.0,61.0,207.0,11.05,12.29,12.23,2.66,2.55,10.55,1.95,0.8,460.0,154.0
2010.0,SAT,52583,52984,0.7948,0.7721,0.764,77.0,316.0,72.0,292.0,11.64,12.98,13.12,2.36,2.45,10.57,2.1,0.92,608.0,149.0
2011.0,SAT,52547,52923,0.8078,0.7782,0.7862,97.0,418.0,59.0,373.0,11.09,12.81,11.94,1.71,2.25,11.22,2.63,0.97,791.0,156.0
2012.0,SAT,53839,53996,0.8082,0.7789,0.784,64.0,303.0,65.0,243.0,10.82,12.58,11.76,1.69,2.45,11.39,2.74,1.1,546.0,129.0
2013.0,SAT,53652,54020,0.782,0.76,0.7557,70.0,386.0,88.0,330.0,12.12,13.44,13.21,1.68,2.66,11.14,2.15,0.86,716.0,158.0
2014.0,SAT,53144,53325,0.7601,0.7356,0.7323,80.0,458.0,84.0,389.0,13.55,14.86,15.2,2.17,2.84,11.07,2.07,1.02,847.0,164.0
2004.0,SDF,71480,71254,0.6908,0.6431,0.7361,43.0,421.0,44.0,359.0,14.27,16.62,13.33,3.14,4.52,11.73,3.13,1.09,780.0,87.0
2005.0,SDF,74853,74918,0.6405,0.5939,0.7037,51.0,342.0,19.0,314.0,16.32,18.97,14.63,3.17,4.82,11.85,3.39,1.49,656.0,70.0
2006.0,SDF,72888,72864,0.6283,0.5702,0.6786,52.0,226.0,32.0,189.0,17.06,20.27,15.97,3.52,5.65,13.09,3.95,1.67,415.0,84.0
2007.0,SDF,76091,75865,0.7061,0.6413,0.7182,46.0,440.0,12.0,399.0,14.87,17.54,14.6,3.4,4.63,12.91,3.34,1.17,839.0,58.0
2008.0,SDF,69842,69458,0.7034,0.645,0.7157,60.0,405.0,31.0,360.0,15.22,17.72,14.97,3.51,5.13,12.7,3.03,1.29,765.0,91.0
2009.0,SDF,63330,62958,0.7311,0.6821,0.7467,42.0,276.0,36.0,238.0,14.04,16.18,12.52,2.99,4.18,12.57,2.59,0.93,514.0,78.0
2010.0,SDF,65983,65408,0.7105,0.6739,0.729,46.0,326.0,22.0,288.0,14.7,16.54,13.52,3.23,3.98,12.62,2.49,0.88,614.0,68.0
2011.0,SDF,66057,65376,0.7105,0.6952,0.7288,35.0,259.0,39.0,241.0,14.57,15.48,13.58,3.22,3.98,11.91,1.58,0.6,500.0,74.0
2012.0,SDF,64282,63257,0.7131,0.6973,0.7286,34.0,164.0,21.0,140.0,14.1,15.04,13.24,2.75,3.45,11.95,1.48,0.73,304.0,55.0
2013.0,SDF,65029,63796,0.7236,0.6863,0.7131,51.0,262.0,26.0,213.0,14.24,16.02,14.23,2.45,3.53,12.54,2.05,0.75,475.0,77.0
2014.0,SDF,64316,63805,0.715,0.6778,0.727,54.0,434.0,15.0,383.0,14.8,16.43,14.26,2.28,3.62,12.39,1.71,0.71,817.0,69.0
2004.0,SEA,175769,175080,0.8173,0.7812,0.8107,246.0,1280.0,179.0,1366.0,10.25,12.34,10.27,3.72,3.13,13.17,2.98,1.14,2646.0,425.0
2005.0,SEA,167561,167023,0.7911,0.7512,0.776,195.0,1006.0,178.0,1161.0,11.83,14.04,12.53,3.63,3.19,13.29,3.17,1.44,2167.0,373.0
2006.0,SEA,166479,167019,0.7927,0.7469,0.7632,227.0,913.0,180.0,1052.0,11.67,14.28,13.06,3.78,4.15,14.62,3.8,1.5,1965.0,407.0
2007.0,SEA,167658,167931,0.7771,0.7152,0.7437,253.0,1077.0,197.0,1242.0,12.38,15.54,14.16,4.18,4.66,15.53,4.04,1.29,2319.0,450.0
2008.0,SEA,166460,167035,0.8173,0.7716,0.7763,264.0,1142.0,175.0,1163.0,10.36,12.93,12.19,4.38,4.33,15.77,3.57,1.47,2305.0,439.0
2009.0,SEA,154524,154814,0.867,0.8208,0.833,245.0,487.0,181.0,460.0,7.66,10.13,9.03,3.7,3.36,15.5,3.39,1.85,947.0,426.0
2010.0,SEA,152846,153105,0.8708,0.8449,0.848,253.0,480.0,94.0,458.0,7.46,8.96,8.67,3.1,2.64,14.32,2.39,1.17,938.0,347.0
2011.0,SEA,153354,153779,0.8786,0.8503,0.8456,203.0,509.0,127.0,509.0,6.94,8.65,8.56,2.83,2.9,14.09,2.58,0.96,1018.0,330.0
2012.0,SEA,151109,150604,0.8806,0.8507,0.8577,236.0,658.0,117.0,671.0,7.13,8.86,8.05,2.56,2.73,14.05,2.6,1.32,1329.0,353.0
2013.0,SEA,154456,153310,0.8626,0.8212,0.8413,201.0,423.0,184.0,441.0,7.88,10.09,8.76,2.23,3.42,14.54,3.24,1.86,864.0,385.0
2014.0,SEA,165858,165955,0.848,0.8063,0.8245,272.0,502.0,98.0,543.0,8.63,10.87,9.86,2.75,3.88,14.79,3.18,1.82,1045.0,370.0
2004.0,SFO,162677,166132,0.8245,0.767,0.7627,250.0,1768.0,139.0,1987.0,9.82,12.84,13.28,2.77,3.93,15.8,4.41,1.15,3755.0,389.0
2005.0,SFO,162913,164784,0.7958,0.7376,0.7438,274.0,1644.0,138.0,1865.0,12.21,15.17,15.25,2.91,4.06,15.72,4.15,1.32,3509.0,412.0
2006.0,SFO,166306,168661,0.7467,0.6851,0.7019,238.0,2361.0,129.0,2530.0,14.69,17.91,17.17,3.08,4.8,16.1,4.39,1.38,4891.0,367.0
2007.0,SFO,174691,174929,0.7459,0.6652,0.6959,332.0,2550.0,162.0,2753.0,15.32,19.36,18.14,3.42,4.8,17.32,5.25,1.6,5303.0,494.0
2008.0,SFO,180476,180799,0.7532,0.691,0.7007,342.0,2790.0,243.0,2984.0,16.12,19.52,19.46,3.59,4.72,17.2,4.51,1.77,5774.0,585.0
2009.0,SFO,178369,178980,0.7844,0.7347,0.7412,302.0,1631.0,194.0,1860.0,13.52,16.32,16.75,3.66,3.92,16.51,3.87,1.53,3491.0,496.0
2010.0,SFO,181495,181856,0.7549,0.7063,0.7176,365.0,2702.0,352.0,2934.0,16.22,18.88,19.17,3.65,3.89,16.0,3.73,1.73,5636.0,717.0
2011.0,SFO,189552,190242,0.7655,0.6995,0.7165,324.0,2859.0,321.0,3019.0,14.81,18.24,18.37,3.66,3.84,16.43,4.4,2.15,5878.0,645.0
2012.0,SFO,199751,200238,0.7294,0.6413,0.6978,383.0,4014.0,338.0,4232.0,17.53,21.86,21.01,3.24,3.69,17.48,5.32,3.07,8246.0,721.0
2013.0,SFO,198131,198877,0.7623,0.7034,0.727,431.0,3318.0,476.0,3503.0,15.05,18.08,18.44,2.99,3.27,16.43,4.13,2.23,6821.0,907.0
2014.0,SFO,206374,205946,0.736,0.6458,0.6993,441.0,4257.0,375.0,4493.0,16.16,20.69,19.65,3.2,3.71,17.84,5.59,2.17,8750.0,816.0
2004.0,SJC,75631,76805,0.8063,0.7764,0.783,83.0,849.0,83.0,797.0,9.75,11.97,11.3,2.64,2.58,12.05,3.07,0.82,1646.0,166.0
2005.0,SJC,72696,73263,0.8011,0.7849,0.7688,87.0,764.0,43.0,691.0,9.97,11.43,11.87,2.68,2.67,11.08,2.19,1.08,1455.0,130.0
2006.0,SJC,73196,73856,0.7908,0.7599,0.7588,94.0,753.0,103.0,669.0,10.55,12.65,12.25,2.47,2.94,11.92,3.06,0.99,1422.0,197.0
2007.0,SJC,73741,74273,0.7988,0.7761,0.7649,108.0,737.0,57.0,678.0,10.42,11.75,12.24,2.25,2.63,11.5,2.31,0.81,1415.0,165.0
2008.0,SJC,67435,67891,0.816,0.7987,0.7831,111.0,806.0,87.0,759.0,9.98,11.27,11.44,1.97,2.52,11.11,2.15,0.92,1565.0,198.0
2009.0,SJC,57650,57930,0.8437,0.8324,0.8189,62.0,535.0,30.0,517.0,8.21,9.1,9.18,1.61,1.9,10.55,1.74,0.92,1052.0,92.0
2010.0,SJC,52042,52357,0.7955,0.7859,0.7883,72.0,380.0,43.0,351.0,10.32,11.07,10.69,1.65,2.13,10.18,1.59,0.73,731.0,115.0
2011.0,SJC,51848,52070,0.8084,0.7917,0.7975,60.0,489.0,71.0,450.0,9.9,10.99,10.37,1.36,2.05,10.2,1.83,0.68,939.0,131.0
2012.0,SJC,50458,50521,0.8317,0.8131,0.8277,49.0,398.0,33.0,361.0,8.66,9.92,8.87,1.39,1.8,10.48,2.1,0.78,759.0,82.0
2013.0,SJC,52414,52518,0.7862,0.763,0.7797,60.0,432.0,25.0,403.0,10.85,12.29,11.31,1.33,2.02,11.01,2.28,0.71,835.0,85.0
2014.0,SJC,55558,55523,0.7589,0.737,0.7487,70.0,428.0,34.0,391.0,12.67,13.93,13.09,1.8,2.46,11.06,2.14,0.7,819.0,104.0
2004.0,SJU,60371,56735,0.8019,0.7794,0.7984,55.0,330.0,28.0,289.0,11.19,12.43,12.28,1.88,3.39,13.84,2.27,0.79,619.0,83.0
2005.0,SJU,57736,54870,0.7789,0.7464,0.7604,64.0,315.0,36.0,282.0,12.74,14.43,14.65,1.63,4.04,14.14,3.03,1.36,597.0,100.0
2006.0,SJU,55707,52948,0.8054,0.7446,0.7611,63.0,257.0,44.0,233.0,11.61,14.34,14.17,1.73,4.19,15.75,4.28,1.29,490.0,107.0
2007.0,SJU,47987,47246,0.8014,0.7522,0.7414,70.0,307.0,42.0,278.0,12.53,14.97,16.31,1.55,4.09,15.22,3.16,1.71,585.0,112.0
2008.0,SJU,44493,43448,0.8004,0.781,0.7533,78.0,238.0,29.0,197.0,12.54,13.59,15.18,1.64,3.75,14.22,1.85,1.25,435.0,107.0
2009.0,SJU,48418,46678,0.8168,0.8015,0.7999,57.0,199.0,58.0,159.0,11.44,12.28,11.77,1.22,2.88,13.29,1.43,0.95,358.0,115.0
2010.0,SJU,47314,45781,0.7967,0.7815,0.7719,82.0,258.0,45.0,207.0,12.21,13.0,13.4,1.65,3.53,13.04,1.39,1.32,465.0,127.0
2011.0,SJU,42803,42401,0.8179,0.7934,0.7899,101.0,240.0,55.0,201.0,10.86,12.07,12.28,1.45,3.67,13.23,1.96,1.57,441.0,156.0
2012.0,SJU,44716,43985,0.8417,0.8228,0.8181,62.0,174.0,41.0,141.0,9.55,10.55,10.64,1.41,2.89,13.15,1.82,1.33,315.0,103.0
2013.0,SJU,42902,42175,0.8058,0.7808,0.784,65.0,127.0,64.0,94.0,12.31,13.52,12.96,1.78,2.86,13.56,2.2,1.41,221.0,129.0
2014.0,SJU,43671,42965,0.8056,0.7784,0.7815,72.0,280.0,31.0,241.0,11.71,13.13,12.79,1.81,2.93,12.89,1.88,1.0,521.0,103.0
2004.0,SLC,161528,160765,0.833,0.7503,0.8062,273.0,1547.0,93.0,1931.0,8.75,12.78,10.23,3.08,3.73,15.88,5.03,1.53,3478.0,366.0
2005.0,SLC,186361,184974,0.8237,0.743,0.8195,337.0,1685.0,115.0,2222.0,8.99,12.77,9.47,2.94,3.07,16.25,4.8,1.84,3907.0,452.0
2006.0,SLC,205054,169156,0.8292,0.7278,0.8055,285.0,1027.0,93.0,1325.0,9.04,13.57,10.49,3.82,3.42,17.4,5.76,1.73,2352.0,378.0
2007.0,SLC,171576,169476,0.813,0.6974,0.7813,353.0,1123.0,82.0,1482.0,10.06,15.34,11.98,4.62,3.77,18.72,6.6,1.86,2605.0,435.0
2008.0,SLC,159347,157543,0.8369,0.7518,0.8192,414.0,1089.0,172.0,1335.0,9.19,13.43,10.38,3.8,3.33,18.25,5.64,1.79,2424.0,586.0
2009.0,SLC,151233,149920,0.8558,0.7571,0.8398,447.0,734.0,190.0,1000.0,7.86,12.45,8.86,4.08,3.22,18.8,5.93,2.04,1734.0,637.0
2010.0,SLC,147975,146918,0.8293,0.7402,0.8195,483.0,1006.0,241.0,1431.0,9.44,13.54,9.84,4.06,3.11,18.29,5.28,1.9,2437.0,724.0
2011.0,SLC,139366,139144,0.8529,0.7914,0.8488,387.0,801.0,163.0,1145.0,8.18,11.25,8.38,2.71,2.4,17.41,4.54,1.32,1946.0,550.0
2012.0,SLC,129026,129031,0.8691,0.8153,0.8661,312.0,473.0,62.0,754.0,7.26,10.16,7.52,1.87,2.19,17.21,4.42,1.3,1227.0,374.0
2013.0,SLC,128090,127946,0.8408,0.7698,0.8367,301.0,869.0,291.0,1139.0,9.44,13.15,9.75,2.02,2.79,18.13,5.31,1.75,2008.0,592.0
2014.0,SLC,129307,128941,0.8286,0.7866,0.8369,278.0,573.0,103.0,801.0,9.86,12.17,9.77,1.84,2.47,16.59,3.72,1.31,1374.0,381.0
2007.0,SMF,65686,65960,0.8025,0.769,0.7724,100.0,551.0,53.0,494.0,11.01,12.95,12.17,2.54,2.59,10.86,2.64,1.12,1045.0,153.0
2008.0,SMF,61470,61500,0.8067,0.7884,0.7706,112.0,507.0,63.0,457.0,11.12,12.29,12.13,2.13,2.49,10.46,1.93,0.73,964.0,175.0
2009.0,SMF,52731,52905,0.8401,0.8281,0.8066,58.0,344.0,24.0,324.0,9.02,9.75,9.87,1.88,1.75,9.85,1.57,0.65,668.0,82.0
2010.0,SMF,51516,51632,0.8209,0.8073,0.7886,95.0,493.0,34.0,451.0,9.97,10.86,11.1,1.93,1.98,9.64,1.48,0.66,944.0,129.0
2011.0,SMF,50574,50719,0.8265,0.7981,0.8055,74.0,538.0,59.0,506.0,9.82,11.36,10.41,1.86,2.01,10.32,2.19,0.83,1044.0,133.0
2012.0,SMF,49016,49085,0.8505,0.8285,0.8311,74.0,465.0,35.0,440.0,8.97,10.4,9.28,1.71,1.69,10.43,2.2,1.01,905.0,109.0
2013.0,SMF,46868,47183,0.8242,0.7999,0.8035,75.0,437.0,26.0,390.0,9.88,11.29,10.47,1.87,1.64,10.58,2.13,0.74,827.0,101.0
2014.0,SMF,47618,47523,0.7861,0.7661,0.7659,78.0,579.0,27.0,536.0,11.91,13.09,12.57,2.0,2.1,10.75,2.04,0.85,1115.0,105.0
2004.0,SNA,14135,14276,0.7857,0.721,0.7716,104.0,632.0,107.0,583.0,11.09,14.34,11.12,3.17,3.44,13.48,4.44,1.81,1215.0,211.0
2005.0,SNA,55590,55995,0.8046,0.7443,0.7799,84.0,559.0,106.0,525.0,10.03,12.98,10.92,2.96,3.06,12.91,4.07,1.67,1084.0,190.0
2006.0,SNA,56634,57499,0.7952,0.7312,0.7668,113.0,721.0,140.0,653.0,10.5,13.51,11.48,2.76,3.41,12.91,4.15,1.65,1374.0,253.0
2007.0,SNA,57795,58356,0.7823,0.7039,0.7575,149.0,895.0,144.0,797.0,11.29,14.73,12.17,3.12,3.39,13.49,4.66,2.05,1692.0,293.0
2008.0,SNA,51644,52088,0.8028,0.7394,0.7788,117.0,726.0,128.0,653.0,10.79,13.7,11.18,2.49,3.14,13.31,4.31,1.75,1379.0,245.0
2009.0,SNA,50127,50368,0.8286,0.7676,0.8148,104.0,516.0,77.0,466.0,9.33,12.08,9.2,2.38,2.71,12.85,4.04,1.77,982.0,181.0
2010.0,SNA,46002,46334,0.8067,0.757,0.8091,103.0,456.0,94.0,397.0,10.42,12.6,9.42,2.3,2.24,11.97,3.38,1.44,853.0,197.0
2011.0,SNA,45157,45435,0.8199,0.7672,0.8182,96.0,531.0,77.0,475.0,9.76,11.92,9.07,1.96,2.23,11.72,3.36,1.29,1006.0,173.0
2012.0,SNA,45397,45653,0.8133,0.7646,0.8234,82.0,496.0,98.0,423.0,10.47,12.69,8.95,1.74,1.91,11.59,3.28,1.04,919.0,180.0
2013.0,SNA,46656,46935,0.7907,0.7531,0.7986,89.0,443.0,93.0,387.0,11.06,13.08,9.89,1.61,2.1,11.28,3.09,1.04,830.0,182.0
2014.0,SNA,47176,47252,0.7578,0.715,0.7688,85.0,468.0,71.0,425.0,12.75,14.85,11.67,1.77,2.36,11.39,3.1,0.82,893.0,156.0
2004.0,STL,130440,130684,0.8232,0.8126,0.8263,119.0,832.0,135.0,805.0,10.0,10.94,9.76,3.93,2.06,11.42,1.67,0.53,1637.0,254.0
2005.0,STL,134794,134879,0.8164,0.7915,0.8193,136.0,790.0,116.0,756.0,10.41,12.15,10.72,3.6,2.09,11.69,2.68,1.31,1546.0,252.0
2006.0,STL,127485,127934,0.794,0.7746,0.8061,158.0,994.0,119.0,940.0,11.71,13.03,11.43,3.03,2.25,11.49,2.06,0.79,1934.0,277.0
2007.0,STL,118824,119185,0.761,0.7371,0.7604,138.0,1292.0,144.0,1256.0,14.26,15.77,14.37,3.66,2.69,11.45,2.15,1.18,2548.0,282.0
2008.0,STL,116267,116638,0.7737,0.7515,0.7758,162.0,1316.0,165.0,1244.0,13.73,15.22,13.86,3.95,2.92,11.4,2.19,1.15,2560.0,327.0
2009.0,STL,98714,98773,0.8163,0.7976,0.8168,113.0,695.0,83.0,642.0,10.74,11.93,10.54,3.29,2.25,11.0,1.76,0.78,1337.0,196.0
2010.0,STL,85835,85963,0.7849,0.7635,0.7952,129.0,715.0,85.0,700.0,12.16,13.33,11.6,2.78,2.5,10.84,1.89,1.28,1415.0,214.0
2011.0,STL,88445,88387,0.7855,0.7623,0.7897,140.0,1238.0,150.0,1135.0,12.52,13.86,12.15,2.41,2.79,10.74,1.95,1.38,2373.0,290.0
2012.0,STL,89904,89576,0.8094,0.7851,0.816,107.0,502.0,100.0,477.0,11.03,12.41,10.68,2.03,2.3,10.61,1.89,1.27,979.0,207.0
2013.0,STL,87766,88139,0.7694,0.7416,0.7805,116.0,765.0,114.0,708.0,13.24,14.81,12.62,1.59,2.36,10.61,2.04,0.89,1473.0,230.0
2014.0,STL,86632,86474,0.743,0.715,0.7506,135.0,1014.0,105.0,920.0,15.01,16.62,14.64,1.78,2.75,10.74,2.1,0.99,1934.0,240.0
2004.0,SWF,2734,2662,0.7008,0.6544,0.6525,4.0,81.0,3.0,70.0,16.63,18.9,18.67,3.63,4.34,12.91,3.42,0.45,151.0,7.0
2005.0,SWF,8820,8666,0.6991,0.6776,0.6547,5.0,94.0,7.0,80.0,17.3,18.61,17.92,3.3,4.75,12.1,2.38,0.74,174.0,12.0
2006.0,SWF,6582,6359,0.6694,0.6542,0.6141,3.0,39.0,4.0,37.0,18.78,19.73,21.09,3.38,5.72,11.91,1.92,0.67,76.0,7.0
2007.0,SWF,9634,9418,0.7162,0.6583,0.6277,19.0,120.0,21.0,103.0,17.4,20.49,20.78,2.49,6.14,13.76,3.84,1.61,223.0,40.0
2008.0,SWF,8096,7907,0.7456,0.7155,0.692,13.0,53.0,15.0,41.0,16.07,17.78,17.68,2.71,4.27,13.37,2.42,0.68,94.0,28.0
2009.0,SWF,5068,4975,0.7129,0.6687,0.6476,7.0,29.0,6.0,18.0,16.71,19.2,19.37,2.84,4.93,14.65,3.02,0.75,47.0,13.0
2010.0,SWF,4840,4819,0.7519,0.7192,0.6559,5.0,67.0,12.0,54.0,14.95,16.71,19.69,2.89,4.91,14.09,2.46,0.51,121.0,17.0
2011.0,SWF,5546,5444,0.7034,0.6918,0.6275,4.0,42.0,5.0,40.0,17.8,18.35,20.71,2.91,4.34,13.17,1.3,0.84,82.0,9.0
2012.0,SWF,5546,5474,0.7495,0.7467,0.6955,3.0,14.0,1.0,12.0,14.4,14.59,16.55,2.72,3.78,12.31,0.83,0.34,26.0,4.0
2013.0,SWF,4935,4873,0.74,0.6987,0.6483,7.0,27.0,6.0,23.0,14.62,16.73,18.87,2.49,5.5,14.03,2.7,0.82,50.0,13.0
2014.0,SWF,4863,4871,0.7027,0.6955,0.6843,3.0,17.0,11.0,11.0,16.78,17.24,17.14,2.83,4.73,12.42,0.65,0.23,28.0,14.0
2004.0,TPA,100556,100312,0.8245,0.8023,0.7921,154.0,1167.0,139.0,1016.0,9.85,11.53,11.3,2.24,3.1,11.88,2.39,0.7,2183.0,293.0
2005.0,TPA,111899,111953,0.7996,0.7656,0.7696,212.0,771.0,103.0,746.0,11.39,13.76,12.84,2.58,3.52,12.17,3.12,1.03,1517.0,315.0
2006.0,TPA,106426,106040,0.8129,0.7871,0.7869,197.0,427.0,189.0,356.0,10.78,12.7,11.87,2.48,3.0,12.13,2.87,0.93,783.0,386.0
2007.0,TPA,107523,107579,0.7903,0.762,0.7542,186.0,705.0,121.0,655.0,12.55,14.49,14.26,2.19,3.51,12.03,2.78,0.89,1360.0,307.0
2008.0,TPA,100289,100528,0.7983,0.7684,0.7672,194.0,727.0,182.0,654.0,12.39,14.37,13.76,1.3,3.7,12.19,2.85,0.89,1381.0,376.0
2009.0,TPA,83888,84140,0.8154,0.7875,0.7965,201.0,349.0,102.0,307.0,10.86,12.64,11.51,1.08,3.0,12.05,2.59,0.74,656.0,303.0
2010.0,TPA,82346,82582,0.8121,0.7775,0.7988,157.0,709.0,140.0,655.0,11.02,13.21,11.65,1.86,2.68,12.45,3.03,0.94,1364.0,297.0
2011.0,TPA,81837,81897,0.8296,0.8054,0.8044,176.0,667.0,137.0,622.0,10.6,12.19,11.51,1.66,2.53,11.93,2.42,0.75,1289.0,313.0
2012.0,TPA,80605,80523,0.8322,0.8096,0.808,131.0,450.0,132.0,411.0,10.51,11.88,11.3,1.53,2.57,11.69,2.19,0.85,861.0,263.0
2013.0,TPA,80603,79946,0.7997,0.775,0.7774,152.0,326.0,118.0,301.0,11.9,13.39,12.66,1.63,3.0,11.86,2.36,0.87,627.0,270.0
2014.0,TPA,79489,79173,0.7726,0.7454,0.7536,183.0,723.0,163.0,691.0,14.33,15.97,14.87,2.24,3.53,12.0,2.39,0.88,1414.0,346.0
2004.0,TUS,7498,7501,0.7757,0.7586,0.7124,50.0,103.0,22.0,80.0,14.09,15.58,15.24,2.37,3.48,9.98,2.31,0.89,183.0,72.0
2005.0,TUS,29803,29761,0.7868,0.7666,0.7493,36.0,126.0,26.0,101.0,11.53,12.89,12.86,2.42,2.38,9.87,2.15,0.79,227.0,62.0
2006.0,TUS,29332,30490,0.8098,0.7793,0.7422,63.0,206.0,46.0,174.0,10.49,12.32,13.69,2.11,3.3,10.58,2.56,1.42,380.0,109.0
2007.0,TUS,32136,32102,0.8152,0.7827,0.7412,65.0,281.0,22.0,237.0,10.62,12.41,13.94,2.26,3.3,11.1,2.82,1.08,518.0,87.0
2008.0,TUS,30267,30337,0.8354,0.8086,0.7703,59.0,206.0,16.0,174.0,9.51,11.01,12.59,1.63,2.93,10.94,2.42,0.85,380.0,75.0
2009.0,TUS,24475,24528,0.8507,0.8278,0.7965,38.0,117.0,28.0,100.0,8.41,9.71,10.73,1.82,2.67,10.7,2.17,0.79,217.0,66.0
2010.0,TUS,24995,25088,0.8502,0.8293,0.7926,42.0,144.0,35.0,110.0,8.27,9.38,11.04,1.64,2.33,10.48,2.01,0.76,254.0,77.0
2011.0,TUS,25149,25165,0.8458,0.8216,0.7795,43.0,204.0,28.0,183.0,8.76,10.17,11.77,1.47,2.57,11.06,2.58,0.8,387.0,71.0
2012.0,TUS,23583,23679,0.8599,0.8336,0.7965,38.0,117.0,29.0,107.0,8.1,9.48,10.64,1.56,2.29,11.19,2.59,0.74,224.0,67.0
2013.0,TUS,22502,22090,0.8145,0.7914,0.7628,62.0,175.0,18.0,153.0,10.55,11.96,12.76,1.67,2.48,11.43,2.43,0.7,328.0,80.0
2014.0,TUS,22589,22340,0.7914,0.7715,0.7351,55.0,178.0,39.0,155.0,12.33,13.47,14.76,1.84,2.57,11.32,2.03,0.92,333.0,94.0
